自治体,タイトル,URL,取得日
埼玉県,「令和6年度埼玉県児童相談所一時保護所第三者評価業務委託」に係る企画提案競技の実施について,https://www.pref.saitama.lg.jp/a0608/gyakutai-taiou/r6_daisansya_hogosho.html,2026-05-02
埼玉県,「令和7年度埼玉県児童相談所一時保護所第三者評価業務委託」に係る企画提案競技の実施について,https://www.pref.saitama.lg.jp/a0608/gyakutai-taiou/r7_daisansya_hogosho.html,2026-05-02
埼玉県,令和8年度働き方改革セミナー開催業務委託に係る企画提案競技の実施について,https://www.pref.saitama.lg.jp/a0809/rodo/r8hatakaiseminar.html,2026-05-02
埼玉県,「果樹農業に係るPR事業及びビジネスプランコンテスト運営等業務委託」企画提案競技の実施について,https://www.pref.saitama.lg.jp/a0903/shinkshuno/r8proposal-kaju.html,2026-05-02
埼玉県,第4次埼玉県広域緑地計画策定支援業務委託に係る公募型プロポーザルの実施について,https://www.pref.saitama.lg.jp/a0508/koikiryokuchi.html,2026-05-02
埼玉県,令和8年度人権啓発イベント開催業務委託の企画提案競技の実施について,https://www.pref.saitama.lg.jp/a0303/human/2026fesuta.html,2026-05-02
埼玉県,令和8年度埼玉版FEMAシナリオ作成等業務委託公募型プロポーザルの実施について,https://www.pref.saitama.lg.jp/a0401/r8fema.html,2026-05-02
埼玉県,SAITAMAロボティクスセンター(仮称)広報誌制作業務委託に係る企画提案競技の実施について,https://www.pref.saitama.lg.jp/a0812/r8kikakuteian_kouhoushi.html,2026-05-02
埼玉県,埼玉県県民活動総合センター在り方検討に係る調査業務における企画提案競技の実施について,https://www.pref.saitama.lg.jp/a0302/kenkatsu/2026_kenkatsu_arikata.html,2026-05-02
埼玉県,ねんりんピック彩の国さいたま2026オリジナルイベント「eスポーツ」企画運営業務委託公募型プロポーザルの実施について,https://www.pref.saitama.lg.jp/b0617/nenrin-ibento/jissigyoumu.html,2026-05-02
埼玉県,使用済み太陽光パネル将来排出量実態等調査業務委託に係る公募型プロポーザルの実施について,https://www.pref.saitama.lg.jp/a0506/r8puropo.html,2026-05-02
埼玉県,【募集終了】公園等建設工事（大宮スーパー・ボールパーク基本計画検討業務委託）簡易公募型プロポーザル方式について［公園スタジアム課］,https://www.pref.saitama.lg.jp/a1105/oomiyasbp/omiyasbpkihon.html,2026-05-02
埼玉県,県職員へのカスタマーハラスメントの防止・啓発ポスターデザイン作成・印刷業務委託企画提案競技の実施について,https://www.pref.saitama.lg.jp/a0201/kanri/r8poster_kikakuteian.html,2026-05-02
埼玉県,ノーコードツール運用支援業務委託企画提案競技の実施について,https://www.pref.saitama.lg.jp/a0104/dx/r8nocode.html,2026-05-02
埼玉県,「埼玉県SDGs官民連携プラットフォーム都市公園部会運営業務委託」の公募型プロポーザルについて,https://www.pref.saitama.lg.jp/a1105/oomiya/sdgsbukaikoukoku_2026.html,2026-05-02
埼玉県,令和8年度埼玉県レッドデータブック動物編改訂調査業務 公募型プロポーザル公告について-埼玉県,https://www.pref.saitama.lg.jp/b0508/cess-shisetsusyokai/reddatabook260406.html,2026-05-02
埼玉県,埼玉県若者向け総合就職支援サイト広報業務委託に係る企画提案競技の実施について,https://www.pref.saitama.lg.jp/a0816/rodo/sougousiensitepr.html,2026-05-02
埼玉県,【募集終了】大宮スーパー・ボールパーク全体事業計画検討支援業務委託の簡易公募型プロポーザルについて［公園スタジアム課］,https://www.pref.saitama.lg.jp/a1105/oomiyasbp/omiyasbppuropo.html,2026-05-02
埼玉県,令和8年度「近いがうまい埼玉産」フェア開催業務委託に係る企画提案競技について,https://www.pref.saitama.lg.jp/a0902/r8_agri-fair.html,2026-05-02
埼玉県,二地域居住実践者インタビュー記事等作成業務委託に係る企画提案競技の実施について,https://www.pref.saitama.lg.jp/a0106/r8nichiikikyojuu.html,2026-05-02
埼玉県,令和8年度埼玉県保育所等虐待防止研修事業の企画提案競技の実施について,https://www.pref.saitama.lg.jp/b0616/kikakuteian/r8gyakutaikensyu.html,2026-05-02
埼玉県,令和8年度音声テキスト化システム提供業務企画提案競技の実施について,https://www.pref.saitama.lg.jp/a0104/dx/20260401_koubo.html,2026-05-02
埼玉県,令和8年度障害者就労施設による公文書電子化モデル事業業務委託に係る企画提案競技の実施について,https://www.pref.saitama.lg.jp/a0605/bunsyodensika.html,2026-05-02
埼玉県,アニメ聖地を活用した観光プロモーション動画の制作業務委託企画提案競技について,https://www.pref.saitama.lg.jp/a0806/anime/movie.html,2026-05-02
埼玉県,【委託先候補者決定】県内企業による留学生等外国人材の確保支援事業業務委託に係る企画提案競技の実施について,https://www.pref.saitama.lg.jp/a0809/kikaku-teian.html,2026-05-02
埼玉県,【委託先候補者決定】シニア人材と企業をつなぐ埼玉モデルの推進事業業務委託に係る企画提案競技の実施について,https://www.pref.saitama.lg.jp/a0809/seniormatching/saitamamodel-kikakuteian.html,2026-05-02
埼玉県,【委託先候補者決定】埼玉県プロフェッショナル人材戦略拠点運営業務委託に係る企画提案競技の実施について,https://www.pref.saitama.lg.jp/a0809/projinzai/kikakuteian2026.html,2026-05-02
埼玉県,【委託先候補者決定】シニア人材活用による賃上げ環境整備事業業務委託に係る企画提案競技の実施について,https://www.pref.saitama.lg.jp/a0809/seniormatching/chinage-kikakuteian.html,2026-05-02
埼玉県,令和8年度埼玉移住広告・SNSプロモーション業務 企画提案競技の実施について,https://www.pref.saitama.lg.jp/a0106/r8promotion.html,2026-05-02
埼玉県,令和8年度「埼玉農業経営塾運営業務委託」の企画提案競技を実施します,https://www.pref.saitama.lg.jp/a0903/keieitai/kikakuteian/r7keieijuku.html,2026-05-02
埼玉県,令和8年度障害者就労施設生産性向上支援に係る専門家派遣事業業務委託における企画提案競技の実施について,https://www.pref.saitama.lg.jp/a0605/seisanseikoujou_senmonka.html,2026-05-02
埼玉県,令和8年度障害者レクリエーション活動等実施事業業務委託に係る企画提案競技の実施について,https://www.pref.saitama.lg.jp/a0312/sentei/20260423.html,2026-05-02
埼玉県,令和8年度DX計画実行事業業務委託企画提案競技の実施について,https://www.pref.saitama.lg.jp/a0104/dx/20260409_koubo.html,2026-05-02
埼玉県,埼玉県いちご輸出基礎調査事業業務委託に係る企画提案競技について,https://www.pref.saitama.lg.jp/a0902/yushutsu/ichigo.html,2026-05-02
埼玉県,令和8年度公募型パラスポーツ活動支援事業業務委託に係る企画提案競技の実施について,https://www.pref.saitama.lg.jp/a0312/koubogatapara2026.html,2026-05-02
埼玉県,新予算編成システム構築支援業務委託企画提案競技の実施について,https://www.pref.saitama.lg.jp/a0103/sinyosannhennseisistem.html,2026-05-02
埼玉県,令和8年度ICT導入による看護業務改善を目指す病院へのアドバイザー派遣事業に係る委託業務の企画提案競技の実施について,https://www.pref.saitama.lg.jp/a0709/2026ictadvisercompe.html,2026-05-02
埼玉県,令和8年度応急住宅対策訓練実施等業務委託プロポーザルの実施について,https://www.pref.saitama.lg.jp/a1107/oukyujuutaku-proposal/r8oukyujuutaku-proposal.html,2026-05-02
埼玉県,【募集終了】 ロボット関連技術PRカード作成等業務委託の企画提案競技の実施について,https://www.pref.saitama.lg.jp/a0812/r8kikakuteian_prcard.html,2026-05-02
埼玉県,【契約先候補者決定】「高齢者を守るお助けかわらばん」作成業務委託に係る企画提案競技の実施について,https://www.pref.saitama.lg.jp/a0310/kawaraban-teian.html,2026-05-02
埼玉県,彩の国資源循環工場地産エネルギー活用モデル調査業務に係る公募型プロポーザルの実施について,https://www.pref.saitama.lg.jp/a0503/chisan-energy/energy.html,2026-05-02
埼玉県,未来をひらく快適空間整備事業業務委託の公募型プロポーザルについて,https://www.pref.saitama.lg.jp/a0205/miraiwo-hiraku.html,2026-05-02
埼玉県,「市町村健康づくり支援事業業務委託」の企画提案競技の実施について,https://www.pref.saitama.lg.jp/a0704/kenko/kenko/shien/202603itaku.html,2026-05-02
埼玉県,令和8年度外形標準課税基礎研修委託業務プロポーザルについて,https://www.pref.saitama.lg.jp/a0209/gyoumuitaku_gaikei.html,2026-05-02
埼玉県,埼玉の「花」を生かした観光誘客プロモーション業務委託企画提案競技について,https://www.pref.saitama.lg.jp/a0806/hana_promotion.html,2026-05-02
埼玉県,【募集終了】金融機関との連携によるサーキュラーエコノミー普及促進強化事業業務委託の企画提案競技の実施について,https://www.pref.saitama.lg.jp/a0812/r8_kinyuukikance.html,2026-05-02
埼玉県,地域見守り力向上事業業務委託に係る企画提案競技の実施について,https://www.pref.saitama.lg.jp/a0310/itaku_mimamoriryoku/mimamoriryokukojo2.html,2026-05-02
埼玉県,令和8年度県政情報プロモーション業務委託に係る企画提案競技の実施について,https://www.pref.saitama.lg.jp/a0314/kenseijyouhoupuromo_r8.html,2026-05-02
埼玉県,メタバース基盤再構築・運営事業業務委託企画提案競技の実施について,https://www.pref.saitama.lg.jp/a0104/dx/20240409_koubo.html,2026-05-02
埼玉県,【募集終了】令和8年度 若者の出会い・結婚支援に関する情報発信業務委託企画提案競技の実施について,https://www.pref.saitama.lg.jp/a0607/wakamonodeaijouhouhasshin.html,2026-05-02
埼玉県,【募集終了】令和8年度 若者の出会い交流イベント業務委託企画提案競技の実施について,https://www.pref.saitama.lg.jp/a0607/wakamonodeaievent.html,2026-05-02
埼玉県,ICT推進支援業務委託に係る企画提案競技の実施について,https://www.pref.saitama.lg.jp/a0105/ict-suishin.html,2026-05-02
埼玉県,令和8年度埼玉版FEMA防災人材育成等業務委託公募型プロポーザルの実施について,https://www.pref.saitama.lg.jp/a0401/r8femajinzaiikusei.html,2026-05-02
埼玉県,生成AI等による申請・相談のデジタルサポート導入及び運用保守業務委託企画提案競技の実施について,https://www.pref.saitama.lg.jp/a0104/seiseiai2026kikakuteian.html,2026-05-02
埼玉県,令和8年度埼玉県介護支援専門員実務研修における実習指導者研修会事業業務委託契約に係る企画提案の公募（プロポーザル）,https://www.pref.saitama.lg.jp/a0603/caremanager/r6-jitsumukensyujissyushido.html,2026-05-02
埼玉県,令和8年度埼玉県介護支援専門員レベルアップ研修事業業務委託契約に係る企画提案の公募（プロポーザル）,https://www.pref.saitama.lg.jp/a0603/caremanager/r8-levelup_proposal.html,2026-05-02
埼玉県,埼玉県市町村DX推進支援業務委託に係る企画提案競技の実施について,https://www.pref.saitama.lg.jp/a0105/shichoson_dx_shien_r8.html,2026-05-02
埼玉県,令和8年度埼玉県主任介護支援専門員レベルアップ研修事業業務委託契約に係る企画提案の公募（プロポーザル）,https://www.pref.saitama.lg.jp/a0603/caremanager/r6-syunin-levelup.html,2026-05-02
埼玉県,【委託先候補者決定】長瀞射撃場の施設のあり方調査業務委託に係る企画提案競技の実施について,https://www.pref.saitama.lg.jp/a0508/nagatoroarikata-koubo.html,2026-05-02
埼玉県,埼玉スタジアム2002公園、熊谷スポーツ文化公園ネーミングライツ公募事務委託 簡易公募型プロポーザルの実施について［公園スタジアム課］,https://www.pref.saitama.lg.jp/a1105/tokorozawa/namingrightskobojimuitaku.html,2026-05-02
埼玉県,「令和8年度県内中小企業のためのデジタル人材育成事業業務委託」企画提案競技の実施について,https://www.pref.saitama.lg.jp/a0811/dizitaljinzai/r8dizitalkikakuteian.html,2026-05-02
埼玉県,令和8年度埼玉県輸出未経験者支援事業業務委託に係る企画提案競技について,https://www.pref.saitama.lg.jp/a0902/r8_mikeiken.html,2026-05-02
埼玉県,【募集終了】令和6年度埼玉県こころの健康相談統一ダイヤル休日・夜間事業業務に係る企画提案競技の実施について,https://www.pref.saitama.lg.jp/a0705/kikakuteiantoitudial.html,2026-05-02
埼玉県,【募集終了】令和5年度埼玉県こころの健康相談統一ダイヤル休日夜間事業業務委託企画提案競技の実施について,https://www.pref.saitama.lg.jp/a0705/toitudaialkikakuteian.html,2026-05-02
埼玉県,令和8年度カーボンニュートラル推進分科会運営業務公募型プロポーザルの実施について(質問への回答を掲載しました),https://www.pref.saitama.lg.jp/a0502/cn-suishin-session/r8itaku-proposal-cn.html,2026-05-02
埼玉県,【募集終了】令和7年度埼玉県こころの健康相談統一ダイヤル休日・夜間事業業務に係る企画提案競技の実施について,https://www.pref.saitama.lg.jp/a0705/toitudaialkikakuteian/r7.html,2026-05-02
埼玉県,健康経営推進体制強化業務委託に係る企画提案競技の実施について,https://www.pref.saitama.lg.jp/a0202/kenkokanri/kenkoukeiei.html,2026-05-02
埼玉県,渋沢ＭＩＸ戦略策定支援業務委託に係る企画提案競技の実施について,https://www.pref.saitama.lg.jp/a0803/shibusawa-mix/senryakusakuteishien.html,2026-05-02
埼玉県,【募集終了】サーキュラーエコノミースタートアップビジネスプランコンテスト運営等業務委託の企画提案競技の実施について,https://www.pref.saitama.lg.jp/a0812/r8_csup.html,2026-05-02
埼玉県,【募集終了】令和8年度障害者の差別解消及び権利擁護相談窓口等業務委託に係る企画提案競技の実施について,https://www.pref.saitama.lg.jp/a0604/sabetu/r8sabetukaiysoukikakuteian.html,2026-05-02
埼玉県,コバトンALKOOマイレージコールセンター業務に係る企画提案競技の実施について,https://www.pref.saitama.lg.jp/a0704/kenko/mileage/callcenter/2026.html,2026-05-02
埼玉県,【委託候補者の決定】ねんりんピック彩の国さいたま2026広報業務委託公募型プロポーザルの実施について,https://www.pref.saitama.lg.jp/b0617/nenrin/080224.html,2026-05-02
埼玉県,【委託候補者の決定】ねんりんピック彩の国さいたま2026ボランティア運営等業務委託公募型プロポーザルの実施について,https://www.pref.saitama.lg.jp/b0617/nenrin-saitama2026/proposal0224.html,2026-05-02
埼玉県,令和8年度埼玉県省エネナビゲーター事業等運営業務公募型プロポーザルの実施について,https://www.pref.saitama.lg.jp/a0502/shouene-shindan/r8itaku-proposal-navi.html,2026-05-02
埼玉県,【委託候補者の決定】ねんりんピック彩の国さいたま2026装飾等業務委託公募型プロポーザルの実施について,https://www.pref.saitama.lg.jp/b0617/nenrin/08022401.html,2026-05-02
埼玉県,令和8年度埼玉県こどもの心の地域子育て支援事業における企画提案競技の実施について,https://www.pref.saitama.lg.jp/a0704/library-info/2026huwariitaku.html,2026-05-02
埼玉県,【募集終了】「埼玉技能甲子園（仮称）運営等業務委託」企画提案競技の実施について,https://www.pref.saitama.lg.jp/a0811/kikakutiankyougi/r8ginoukoshien.html,2026-05-02
埼玉県,【募集終了】「高等技術専門校の在り方検討に係るコンサルティング等業務委託」企画提案競技の実施について,https://www.pref.saitama.lg.jp/a0811/kikakutiankyougi/r8arikatakentou.html,2026-05-02
埼玉県,【契約先候補者決定】北部地域振興交流拠点モデルオフィス整備業務委託に係る企画提案競技の実施について,https://www.pref.saitama.lg.jp/a0104/hokubu/r7competitin_model.html,2026-05-02
埼玉県,令和8年度埼玉県産農産物重点的ブランド化支援業務委託に係る企画提案競技について,https://www.pref.saitama.lg.jp/a0902/r8_agri.html,2026-05-02
埼玉県,【委託先候補者決定】令和8年度精神障害にも対応したアウトリーチ事業業務委託契約に係る企画提案競技の実施について,https://www.pref.saitama.lg.jp/a0604/outreach/r8kikakuteiann.html,2026-05-02
埼玉県,【委託先候補者決定】令和8年度入院者訪問支援事業業務委託契約に係る企画提案競技の実施について,https://www.pref.saitama.lg.jp/a0604/nyuuinsya/r8nyuuinsyakikakuteian.html,2026-05-02
埼玉県,【委託先候補者決定】令和8年度ピアカウンセリング事業（精神障害者本人及び精神障害者の家族による）業務委託契約に係る企画提案競技の実施について,https://www.pref.saitama.lg.jp/a0604/piakikakuteiann/r8piakikakuteiann.html,2026-05-02
埼玉県,【委託先候補者決定】令和8年度精神障害者地域活動促進事業業務委託契約に係る企画提案競技の実施について,https://www.pref.saitama.lg.jp/a0604/seiintiikikatudousokusin/r8tiikikatudoukikakuteian.html,2026-05-02
埼玉県,スポーツ科学拠点施設整備運営事業アドバイザリー業務委託に係る企画提案競技の実施について,https://www.pref.saitama.lg.jp/a0312/sportskagakupuropo.html,2026-05-02
埼玉県,令和8年度埼玉県梨新品種ブランディング支援業務委託に係る企画提案競技について,https://www.pref.saitama.lg.jp/a0902/r8_newpear.html,2026-05-02
埼玉県,【募集終了】スマートステーション「flat（フラット）」における令和8年度障害者就労支援アドバイザー業務委託に係る企画提案競技の実施について,https://www.pref.saitama.lg.jp/a0201/flat2/adv_kikakuteian_r8.html,2026-05-02
埼玉県,令和8年度高次脳機能障害ピア・カウンセリング事業業務委託契約に係る企画提案競技の実施について,https://www.pref.saitama.lg.jp/a0604/kouzinou/r8kikakutean.html,2026-05-02
埼玉県,令和8年度見沼代用水開削300周年記念事業業務委託に係る企画提案競技について,https://www.pref.saitama.lg.jp/a0906/suiritiyouseikanri/20260315.html,2026-05-02
埼玉県,【契約先候補者決定】令和8年度立地ニーズの掘り起しに向けた全国調査業務委託に係る企画提案競技の実施について,https://www.pref.saitama.lg.jp/a0804/zennkokuchousagyoumuitaku.html,2026-05-02
埼玉県,【契約先候補者決定】埼玉県の魅力プロモーションにおける動画作成・SNS配信業務委託に係る企画提案競技の実施について,https://www.pref.saitama.lg.jp/a0804/kikakuteian_r8sc_sns.html,2026-05-02
埼玉県,「令和8年度トラスト保全地保全管理業務委託」に係る公募型プロポーザルの実施について,https://www.pref.saitama.lg.jp/a0508/trustohozen-koubo2026.html,2026-05-02
埼玉県,令和8年度埼玉県農産物輸出プロモーション事業業務委託に係る企画提案競技について,https://www.pref.saitama.lg.jp/a0902/r8_export_promotion.html,2026-05-02
埼玉県,【契約候補者の決定】スポーツ科学を活用したトップパラアスリート輩出事業委託に係る企画提案競技の実施について,https://www.pref.saitama.lg.jp/a0312/platinum/2026parasportsproposal.html,2026-05-02
埼玉県,【契約候補者の決定】全国障害者スポーツ大会埼玉県選手団派遣事業等業務委託に係る企画提案競技の実施について,https://www.pref.saitama.lg.jp/a0312/zensupo/2026proposal.html,2026-05-02
埼玉県,令和8年度埼玉県産農産物市場実態等調査業務委託に係る企画提案競技について,https://www.pref.saitama.lg.jp/a0902/r8_invest_fruits.html,2026-05-02
埼玉県,【委託先候補者決定】令和8年度価格転嫁の円滑化に向けた働き掛け及び伴走支援業務委託の企画提案競技の実施について,https://www.pref.saitama.lg.jp/a0801/bansoshien.html,2026-05-02
埼玉県,（募集終了）令和8年度SAITAMAリバーサポーターズプロジェクト事業支援業務及びデジタルポイントカードによる参加促進企画「リバサポ・クエスト」業務委託の企画提案競技の実施について,https://www.pref.saitama.lg.jp/a0505/riversupporters/proposal2026rs.html,2026-05-02
埼玉県,【委託先候補者の決定】埼玉県消防学校再整備基本計画策定等支援業務委託に係る企画提案競技の実施について,https://www.pref.saitama.lg.jp/a0404/nyusatsu/syoubougakkou_r7competition.html,2026-05-02
埼玉県,【募集終了】令和8年度埼玉県返礼品付ふるさと納税業務委託企画提案競技の実施について,https://www.pref.saitama.lg.jp/a0106/r8henreihinfurusatonouzei.html,2026-05-02
埼玉県,【契約先候補者決定】北部地域振興交流拠点整備事業アドバイザリー業務委託に係る企画提案競技の実施について,https://www.pref.saitama.lg.jp/a0104/hokubu/r7competition.html,2026-05-02
埼玉県,令和８年度埼玉県聴覚障害者情報提供総合推進事業業務委託契約に係る企画提案競技の実施について,https://www.pref.saitama.lg.jp/a0604/syakaisanka/r8chokakusogoitakukikakuteian.html,2026-05-02
埼玉県,令和８年度埼玉県盲ろう者向け通訳・介助員養成及び派遣事業業務委託契約に係る企画提案競技の実施について,https://www.pref.saitama.lg.jp/a0604/syakaisanka/r8moroitakukikakuteian.html,2026-05-02
埼玉県,令和8年度プレコンセプションケア相談センター事業業務委託に係る企画提案競技の実施について,https://www.pref.saitama.lg.jp/a0704/boshi/r8puretama.html,2026-05-02
埼玉県,令和8年度プレコンセプションケア普及啓発事業業務委託に係る企画提案競技の実施について,https://www.pref.saitama.lg.jp/a0704/boshi/r8purekonhukyuukeihatu.html,2026-05-02
埼玉県,【募集終了】令和8年度 埼玉版スーパー・シティプロジェクト官民連携による市町村まちづくり支援等業務委託に関する公募型プロポーザルの実施について,https://www.pref.saitama.lg.jp/a0503/r8sscp-proposal.html,2026-05-02
埼玉県,【募集終了】令和8年度学生向け起業伴走プログラム業務委託に係る企画提案競技の実施について,https://www.pref.saitama.lg.jp/a0803/shibusawa-mix/r8gakusei-itaku.html,2026-05-02
埼玉県,【募集終了】令和8年度スタートアップ創出・成長支援プログラム業務委託に係る企画提案競技の実施について,https://www.pref.saitama.lg.jp/a0803/sspj/saron/r8_startup-itaku.html,2026-05-02
埼玉県,令和8年度埼玉県公式Instagram「埼玉わっしょい」運用支援業務委託に係る企画提案競技について,https://www.pref.saitama.lg.jp/a0902/r8_instagram_wassyoi.html,2026-05-02
埼玉県,メタバース空間を活用した不登校児童生徒等支援業務委託の企画提案競技の実施について,https://www.pref.saitama.lg.jp/soshiki/f2209/documents/meta.html,2026-05-02
埼玉県,埼玉県伝統文化魅力発信アプリ運用保守及び利用促進プロモーション業務委託に係る企画提案競技の実施について,https://www.pref.saitama.lg.jp/a0305/proposal-denntou-appri2026_syuusei.html,2026-05-02
埼玉県,【募集終了】令和8年度埼玉県バーチャルユースセンター運営業務委託の企画提案競技の実施について,https://www.pref.saitama.lg.jp/a0307/vyc/20260216_koubo.html,2026-05-02
埼玉県,埼玉県議会政務活動費管理システム提供業務に関する公募型プロポーザルについて,https://www.pref.saitama.lg.jp/f1603/seimukatsudouhi/kikakuteian_r8.html,2026-05-02
埼玉県,令和8年度シニアの活躍の場の拡大事業業務委託の企画提案競技の実施について,https://www.pref.saitama.lg.jp/a0813/siniakatsuyaku-koubo/r8-seniorkigyou-koubo.html,2026-05-02
埼玉県,【委託先候補者決定】発達障害者就労支援センター事業業務委託公募型企画提案競技の実施について,https://www.pref.saitama.lg.jp/b0614/jobkikaku.html,2026-05-02
埼玉県,【委託先候補者決定】発達障害ペアレントメンター事業業務委託公募型企画提案競技の実施について,https://www.pref.saitama.lg.jp/b0614/mentorkikaku.html,2026-05-02
埼玉県,【募集終了】令和8年度オープンイノベーション創出・促進事業業務委託に係る企画提案競技の実施について,https://www.pref.saitama.lg.jp/a0803/sspj/saron/r8_oi-itaku.html,2026-05-02
埼玉県,【委託先候補者決定】集団療育手法普及事業業務委託公募型企画提案競技の実施について,https://www.pref.saitama.lg.jp/b0614/syuudanryouikukikaku.html,2026-05-02
埼玉県,【募集終了】彩の国BCPサポーター登録等業務委託の企画提案競技の実施について（令和8年度）,https://www.pref.saitama.lg.jp/a0805/bcp/proposal2026.html,2026-05-02
埼玉県,令和8年度70歳雇用制度導入アドバイザー派遣業務委託の企画提案競技の実施について,https://www.pref.saitama.lg.jp/a0813/siniakatsuyaku-koubo/r8-70saikoyouseidoadvisor-koubo.html,2026-05-02
埼玉県,令和8年度新埼玉県立図書館新システム要件整理等支援業務委託に係る企画提案競技の実施について,https://www.pref.saitama.lg.jp/f2215/toshokan/r8competition.html,2026-05-02
埼玉県,【募集終了】令和8年度先輩移住者による移住相談業務 企画提案競技の実施について,https://www.pref.saitama.lg.jp/a0106/senpai_ijusha.html,2026-05-02
埼玉県,【委託先候補者決定】令和8年度Instagram埼玉県公式アカウント運用サポート業務委託に係る企画提案競技の実施について,https://www.pref.saitama.lg.jp/a0314/sainokuni/r8instagram.html,2026-05-02
埼玉県,【募集終了】埼玉県AI移住コンシェルジュ導入業務 企画提案競技の実施について,https://www.pref.saitama.lg.jp/a0106/r8ai/r8ai.html,2026-05-02
埼玉県,令和8年度介護の魅力PR推進事業業務委託契約に係る企画提案の公募（プロポーザル）,https://www.pref.saitama.lg.jp/a0603/miryokupr.html,2026-05-02
埼玉県,令和8年度パラスポーツ用具貸出し事業業務委託に係る企画提案競技の実施について,https://www.pref.saitama.lg.jp/a0312/yogukashidashi2026.html,2026-05-02
埼玉県,令和8年度 朝霞児童相談所一時保護所学習支援業務に係る企画提案競技の実施について,https://www.pref.saitama.lg.jp/b0618/gakusyuu/20260205.html,2026-05-02
埼玉県,【募集終了】令和8年度「さいたまけん★こどものこえ」メンバー募集に係る広報業務委託企画提案競技の実施について,https://www.pref.saitama.lg.jp/a0607/kodomonokoe/r8kikakuteiann.html,2026-05-02
埼玉県,令和8年度埼玉県介護職員キャリアアップ研修事業業務委託契約に係る企画提案の公募（プロポーザル）,https://www.pref.saitama.lg.jp/a0603/careerup.html,2026-05-02
埼玉県,令和8年度新人看護職員定着支援事業業務委託の公募型企画提案競技の実施について,https://www.pref.saitama.lg.jp/a0709/kikakuteiankyougi/shinzin.html,2026-05-02
埼玉県,「すぽったま！」における試合観戦促進コンテンツ制作等業務委託に係る企画提案競技の実施について,https://www.pref.saitama.lg.jp/a0312/webapplication/nyuusatu080227.html,2026-05-02
埼玉県,令和8年度県内中小企業若手社員等合同研修会業務委託に係る企画提案競技の実施について,https://www.pref.saitama.lg.jp/a0809/rodo/2026wakate.html,2026-05-02
埼玉県,埼玉県カスタマーハラスメント防止条例解説動画作成業務及びカスタマーハラスメント防止対策セミナー開催業務並びにカスタマーハラスメントに関する総合相談窓口運営業務委託に係る企画提案競技の実施について,https://www.pref.saitama.lg.jp/a0809/rodo/r8customerharassment_douga_seminar_madoguti.html,2026-05-02
埼玉県,埼玉県カスタマーハラスメント防止対策周知業務委託に係る企画提案競技の実施について,https://www.pref.saitama.lg.jp/a0809/rodo/r8customerharassment_syuchi.html,2026-05-02
埼玉県,働き方改革推進アドバイザー及びカスタマーハラスメント防止対策コンサルタント派遣業務委託に係る企画提案競技の実施について,https://www.pref.saitama.lg.jp/a0809/rodo/r8customerharassment_ad_con.html,2026-05-02
埼玉県,令和8年度埼玉県指定難病継続申請受付事務等業務委託に係る企画提案競技の実施について,https://www.pref.saitama.lg.jp/a0705/nanbyoitaku8.html,2026-05-02
埼玉県,令和8年度埼玉県生活保護関係事業等業務委託に関する公募プロポーザルの実施について,https://www.pref.saitama.lg.jp/a0602/kikakuteian2026.html,2026-05-02
埼玉県,「介護テクノロジー導入・業務改善支援センター業務委託」の企画提案競技の実施について,https://www.pref.saitama.lg.jp/a0603/ictdounyu.html,2026-05-02
埼玉県,令和8年度 埼玉県外国人介護人材雇用促進事業業務委託に係る企画提案競技の実施について,https://www.pref.saitama.lg.jp/a0603/jinzaikakuho/r8gaikokujinkoyousokusin.html,2026-05-02
埼玉県,【募集終了】産業団地を核としたサーキュラーエコノミー推進事業業務委託の企画提案競技の実施について,https://www.pref.saitama.lg.jp/a0812/r8_sangyoudanchice.html,2026-05-02
埼玉県,令和7年度埼玉県失語症者向け意思疎通支援者養成及び派遣事業業務委託契約に係る企画提案競技の実施について,https://www.pref.saitama.lg.jp/a0604/syakaisanka/r7shitsugokikakuteian.html,2026-05-02
埼玉県,令和8年度埼玉県失語症者向け意思疎通支援者養成及び派遣事業業務委託契約に係る企画提案競技の実施について,https://www.pref.saitama.lg.jp/a0604/syakaisanka/8.html,2026-05-02
埼玉県,「令和8年度埼玉県保育士等キャリアアップ研修事業業務委託」の企画提案競技の実施について,https://www.pref.saitama.lg.jp/b0616/kenko/jidofukushi/kosodateshien/hoikushi/r8careerup.html,2026-05-02
埼玉県,令和8年度就労B型受注拡大ステーション事業業務委託に係る企画提案競技の実施について,https://www.pref.saitama.lg.jp/a0605/kikakuteian_station/20260224.html,2026-05-02
埼玉県,【委託先候補者の決定】令和8年度埼玉県住生活基本計画等策定支援業務の委託に関するプロポーザルの実施について,https://www.pref.saitama.lg.jp/a1107/jyuuseikatsu-proposal/jyuuseikatsu-r8proposal.html,2026-05-02
埼玉県,埼玉県スポーツアプリ運用保守及びスマホスタンプラリー等観戦促進業務委託に係る企画提案競技の実施について,https://www.pref.saitama.lg.jp/a0312/webapplication/nyuusatu080225.html,2026-05-02
埼玉県,令和8年度学校向けパラスポーツ体験・講演会開催事業業務委託に係る企画提案競技の実施について,https://www.pref.saitama.lg.jp/a0312/gakkotaiken2026.html,2026-05-02
埼玉県,【募集終了】北部地域振興交流拠点における「食と農のイノベーション拠点」調査検討業務委託の企画提案競技の実施について,https://www.pref.saitama.lg.jp/a0812/hokubu/20260201.html,2026-05-02
埼玉県,埼玉で働く・ジモト就職促進事業業務委託に係る企画提案競技の実施について,https://www.pref.saitama.lg.jp/a0816/rodo/2026jimotosyuusyokukoubo.html,2026-05-02
埼玉県,令和8年度埼玉県保育士・保育園支援センター運営等事業委託企画提案競技の実施について,https://www.pref.saitama.lg.jp/b0616/hoiku-jinzai/r8hohocenter_bosyu.html,2026-05-02
埼玉県,令和8年度夢の保育士後押し事業委託企画提案競技の実施について,https://www.pref.saitama.lg.jp/b0616/hoiku-jinzai/r8yumenohoikushi_bosyu.html,2026-05-02
埼玉県,令和8年度介護老人保健施設等に対する日帰り支援等への参入促進業務委託に係る企画提案競技の実施について,https://www.pref.saitama.lg.jp/a0605/kikakuteian_ikea/20260304.html,2026-05-02
埼玉県,令和8年度訪問看護師確保・育成事業に係る委託業務の企画提案競技の実施について,https://www.pref.saitama.lg.jp/a0709/kikakuteiankyougi/houkan.html,2026-05-02
埼玉県,令和8年度看護学生実習指導者講習会事業に係る委託業務の企画提案競技の実施について,https://www.pref.saitama.lg.jp/a0709/kikakuteiankyougi/jisshusidousha.html,2026-05-02
埼玉県,「令和8年度保育士・子育て支援員等研修事業業務委託」の企画提案競技の実施について,https://www.pref.saitama.lg.jp/b0616/kenko/jidofukushi/kosodateshien/hoikushi/r8hoikushi_kosodateshiennin.html,2026-05-02
埼玉県,令和8年度グローバル人材育成センター埼玉事業業務委託契約に係る企画提案の公募（プロポーザル）,https://www.pref.saitama.lg.jp/a0306/global/proposal2026.html,2026-05-02
埼玉県,永年保存文書の持続可能な保存の在り方検討業務委託の企画提案競技の実施について,https://www.pref.saitama.lg.jp/a0203/2026kikakuteian.html,2026-05-02
埼玉県,【委託先候補者決定】令和7年度埼玉県聴覚障害者情報提供総合推進事業業務委託契約に係る企画提案競技の実施について,https://www.pref.saitama.lg.jp/a0604/syakaisanka/r7chokakusogoitakukikakuteian.html,2026-05-02
埼玉県,【委託先候補者決定】令和7年度埼玉県盲ろう者向け通訳・介助員養成及び派遣事業業務委託契約に係る企画提案競技の実施について,https://www.pref.saitama.lg.jp/a0604/syakaisanka/r7moroitakukikakuteian.html,2026-05-02
埼玉県,「こどもの居場所づくり支援事業業務委託」の企画提案競技の実施について,https://www.pref.saitama.lg.jp/b0616/ibasho/itaku20260227.html,2026-05-02
埼玉県,令和8年度埼玉県民泊・旅行業・通訳案内士窓口受付業務委託に係る企画提案競技について,https://www.pref.saitama.lg.jp/a0806/ryokogyo/20260227.html,2026-05-02
埼玉県,令和8年度ムサシトミヨ保護センターの管理及びムサシトミヨの保護業務にかかる公募型プロポーザルの実施について,https://www.pref.saitama.lg.jp/b0508/r8tomiyoseibutsu.html,2026-05-02
埼玉県,（募集終了）受動喫煙防止啓発ポスターデザイン作成・印刷業務委託に係る企画提案競技の実施について,https://www.pref.saitama.lg.jp/a0704/tabako/kenju/poster.html,2026-05-02
埼玉県,令和8年度埼玉県性的マイノリティが働きやすい環境づくり事業業務委託の企画提案競技の実施について,https://www.pref.saitama.lg.jp/a0303/2026seitekimainorithi-kigyou-itaku.html,2026-05-02
埼玉県,令和8年度埼玉県LINE及び電話による性の多様性に関する相談事業業務委託の企画提案競技の実施について,https://www.pref.saitama.lg.jp/a0303/2026seinotayousei-soudanitaku.html,2026-05-02
埼玉県,【募集終了】埼玉県移住・定住ポスターデザイン・印刷業務委託 企画提案競技の実施について,https://www.pref.saitama.lg.jp/a0106/r7poster/2025122201.html,2026-05-02
埼玉県,【募集終了】令和7年度埼玉移住広告・SNSプロモーション業務 企画提案競技の実施について,https://www.pref.saitama.lg.jp/a0106/r7promotion/r7promotion.html,2026-05-02
埼玉県,若者自立支援センター埼玉運営・就業支援事業（対面、メタバース）業務委託に係る企画提案競技の実施について,https://www.pref.saitama.lg.jp/a0816/rodo/yisc2026.html,2026-05-02
埼玉県,令和8年度埼玉しごとセンター運営事業等業務委託に係る企画提案競技の実施について,https://www.pref.saitama.lg.jp/a0816/shigotocenter/2025koukoku.html,2026-05-02
埼玉県,令和8年度埼玉県女性キャリアセンター運営事業等業務委託に係る企画提案競技の実施について,https://www.pref.saitama.lg.jp/swcc/8_jyokyari_itaku/proposal.html,2026-05-02
埼玉県,【申込受付を終了しました】「令和8年度見沼たんぼ公有地管理運営業務委託」に係る企画提案競技の実施について,https://www.pref.saitama.lg.jp/a0108/rikatsuyou-koubo/r8.html,2026-05-02
埼玉県,令和8年度埼玉県障害者雇用総合サポートセンター障害者職場定着支援業務委託に係る企画提案競技の実施について,https://www.pref.saitama.lg.jp/swcc/syougai/kikakuteianr801.html,2026-05-02
埼玉県,令和8年度埼玉県障害者雇用総合サポートセンター企業支援業務委託に係る企画提案競技の実施について,https://www.pref.saitama.lg.jp/swcc/syougai/kikakuteianr802.html,2026-05-02
埼玉県,多目的競技場基本計画策定等業務委託に係る企画提案競技の実施について,https://www.pref.saitama.lg.jp/b0201/puropo.html,2026-05-02
埼玉県,【契約先候補者の決定】クレジットカード発行会社企画提案競技の実施について,https://www.pref.saitama.lg.jp/a1201/creditcard2025.html,2026-05-02
埼玉県,【委託先候補者の決定】埼玉県LINE公式アカウント多言語化に係る友だち追加推進業務委託の企画提案競技実施について,https://www.pref.saitama.lg.jp/a0306/tabunkakyousei/2025line_tagengo.html,2026-05-02
埼玉県,「『放課後児童クラブスタートブック（仮称）』制作業務」の企画提案競技の実施について,https://www.pref.saitama.lg.jp/b0616/houkago-startbook.html,2026-05-02
埼玉県,【委託候補者の決定】第38回全国健康福祉祭埼玉大会（ねんりんピック彩の国さいたま2026）イベント実施計画策定業務公募型プロポーザルの実施について,https://www.pref.saitama.lg.jp/b0617/nenrin-ibento/jissikeikaku.html,2026-05-02
埼玉県,消費者被害防止サポーター育成・活動支援事業業務委託に係る企画提案競技の実施について,https://www.pref.saitama.lg.jp/a0310/supporter/supporteritaku.html,2026-05-02
埼玉県,外国人介護人材の送り出し機関等調査業務委託に係る企画提案競技の実施について,https://www.pref.saitama.lg.jp/a0603/r7gaikokujin-tyousaitaku.html,2026-05-02
埼玉県,情報セキュリティ監査業務委託企画提案競技の実施について,https://www.pref.saitama.lg.jp/a0105/security_audit2025.html,2026-05-02
埼玉県,情報セキュリティポリシー等規定類改定業務委託企画提案競技の実施について,https://www.pref.saitama.lg.jp/a0105/security_kiteikaitei_r7.html,2026-05-02
埼玉県,『令和7年度台湾市場向けプロモーション事業業務委託』 企画提案競技の実施について,https://www.pref.saitama.lg.jp/a0806/r7gaijinkyou.html,2026-05-02
埼玉県,埼玉県eスポーツイベント2025運営業務委託に係る企画提案競技の実施について,https://www.pref.saitama.lg.jp/a0312/esports/esports_event2025.html,2026-05-02
埼玉県,「埼玉県立高等技術専門校令和8年度入校案内デザイン・印刷業務委託」企画提案競技の実施について,https://www.pref.saitama.lg.jp/a0811/kikakutiankyougi/r8nyuukouannai.html,2026-05-02
埼玉県,空き家の適正管理の普及・啓発PR動画作成業務及び情報発信業務委託に係る企画提案競技について,https://www.pref.saitama.lg.jp/a1106/akiya/akiya_pr_itaku.html,2026-05-02
埼玉県,【募集終了】手話あいさつ100％手話普及イベント企画・運営業務委託に係る企画提案競技の実施について,https://www.pref.saitama.lg.jp/a0604/syuwa/r7syuwa-event.html,2026-05-02
埼玉県,埼玉県オリジナルいちご品種チラシ等デザイン制作業務委託に係る企画提案競技について,https://www.pref.saitama.lg.jp/a0902/r7_ichigo_design.html,2026-05-02
埼玉県,【募集終了】埼玉県サステナブル企業認証制度運用業務委託の企画提案競技について,https://www.pref.saitama.lg.jp/a0102/sdgs/sastenabul.html,2026-05-02
埼玉県,「放課後児童支援員等魅力発信動画制作業務業務委託」の企画提案競技の実施について,https://www.pref.saitama.lg.jp/b0616/shienin-douga-kikakuteian.html,2026-05-02
埼玉県,埼玉県災害時の外国人支援に係る訓練・研修業務委託の公募型プロポーザルの実施について,https://www.pref.saitama.lg.jp/a0306/tabunkakyousei/2025proposal_saigai.html,2026-05-02
埼玉県,埼玉県サーキュラーエコノミー型製品等に係るカーボンフットプリント算定支援等業務委託企画提案競技の実施について,https://www.pref.saitama.lg.jp/a0507/ce-itaku/cfpsantei.html,2026-05-02
埼玉県,【募集終了】食と技の展示会埼玉県ブース装飾・運営等業務委託の企画提案競技の実施について,https://www.pref.saitama.lg.jp/a0803/jibasangyou/syokutowaza_2025proposal.html,2026-05-02
埼玉県,令和7年度BIツールに係る県職員向け研修事業業務委託 企画提案競技の実施について,https://www.pref.saitama.lg.jp/a0206/20250919_kikakuteian_bi-tool-kensyu.html,2026-05-02
埼玉県,「AI(あい)たまキャリア」PR動画制作業務委託に係る企画提案競技の実施について,https://www.pref.saitama.lg.jp/a0816/rodo/aitama-career-prdouga.html,2026-05-02
埼玉県,【募集終了】埼玉県職員採用情報ホームページ改修業務委託に係る企画提案競技の実施について,https://www.pref.saitama.lg.jp/f1903/saiyou/r7saiyouhp.html,2026-05-02
埼玉県,「令和7年度乳幼児ケアエキスパート育成事業業務委託」に係る企画提案競技の実施について,https://www.pref.saitama.lg.jp/a0608/satooya/kikakuteian/kikakuteian070908.html,2026-05-02
埼玉県,令和7年度多様な働き方実践企業認定制度PR動画制作業務委託に係る企画提案競技の実施について,https://www.pref.saitama.lg.jp/a0809/r7tayouprdouga.html,2026-05-02
埼玉県,令和7年度農福連携マッチングモデル事業業務委託に係る企画提案競技の実施について,https://www.pref.saitama.lg.jp/a0605/kikakuteian_noufuku/kikakuteian_jisshi7.html,2026-05-02
埼玉県,第２回埼玉ＰＸ大賞受賞企業周知用動画制作業務委託に係る企画提案競技の実施について,https://www.pref.saitama.lg.jp/a0809/r7saitamapxsyuuchi.html,2026-05-02
埼玉県,「河川改修調査工事（河川広報誌作成業務委託）」の公募型プロポーザル実施について,https://www.pref.saitama.lg.jp/a1007/kasenkouhoushi.html,2026-05-02
埼玉県,【募集終了】令和7年度埼玉県企業立地セミナーin大阪の運営支援業務委託に係る企画提案競技の実施について,https://www.pref.saitama.lg.jp/a0804/kikakuteian_r7seminar.html,2026-05-02
埼玉県,【募集終了】埼玉県孤独・孤立対策ポータルサイト改修業務委託に係る企画提案競技の実施について,https://www.pref.saitama.lg.jp/a0601/kodoku-koritsu/portalsite-kikakuteian.html,2026-05-02
埼玉県,ねんりんピック彩の国さいたま2026カウントダウンボード制作等業務委託公募型プロポーザルの実施について,https://www.pref.saitama.lg.jp/b0617/nenrin/070715.html,2026-05-02
埼玉県,埼玉県新生児聴覚スクリーニング検査精度管理業務委託に係る企画提案競技の実施について,https://www.pref.saitama.lg.jp/a0704/boshi/tyoukaku/tyoukakuseidokanri.html,2026-05-02
埼玉県,ＳＡＩＴＡＭＡロボティクスセンター（仮称）管理運営検討支援業務委託の企画提案競技の実施について,https://www.pref.saitama.lg.jp/a0812/2025kentousien.html,2026-05-02
埼玉県,第10次埼玉県廃棄物処理基本計画に関する調査業務委託プロポーザルの実施について,https://www.pref.saitama.lg.jp/a0507/haikibutsu_keikaku.html,2026-05-02
埼玉県,うどんを活用した観光プロモーション業務委託業務委託に係る企画提案競技について,https://www.pref.saitama.lg.jp/a0806/udon.html,2026-05-02
埼玉県,令和7年度障害者レクリエーション活動等実施事業業務委託に係る企画提案競技の実施について,https://www.pref.saitama.lg.jp/a0312/syogaisyarecreation_2025.html,2026-05-02
埼玉県,【委託候補者の決定】令和7年度彩の国ふれあいピック（秋季大会）開催事業業務委託に係る企画提案競技の実施について,https://www.pref.saitama.lg.jp/a0312/fureaipikkusyuki2025.html,2026-05-02
埼玉県,【委託候補者の決定】令和7年度公募型パラスポーツ活動支援事業業務委託に係る企画提案競技の実施について,https://www.pref.saitama.lg.jp/a0312/koubogataparakikaku2025.html,2026-05-02
埼玉県,【委託契約候補者の決定】025 企委第1号    埼玉県水道用水供給事業広報動画制作業務委託の企画提案競技の実施について,https://www.pref.saitama.lg.jp/c1304/90d00-01yousui/r7kouhoudougaseisakugyoumuitaku.html,2026-05-02
埼玉県,【委託候補者の決定】令和7年度部活動地域移行促進のための地域クラブ活動支援統括コーディネーター業務委託に係る企画提案競技の実施について,https://www.pref.saitama.lg.jp/a0312/chiikiclubkatudousiencoordinator.html,2026-05-02
埼玉県,埼玉版リチウムイオン電池の広域回収・資源化モデル構築業務委託プロポーザルの実施について,https://www.pref.saitama.lg.jp/a0507/lithium/proposal.html,2026-05-02
埼玉県,【委託候補者の決定】ねんりんピック彩の国さいたま2026開催1年前イベント企画業務委託公募型プロポーザルの実施について,https://www.pref.saitama.lg.jp/b0617/nenrin/070619.html,2026-05-02
埼玉県,【募集終了】「県営公園の魅力化・持続的なマネジメントに向けた活用検討アドバイザリー業務委託」の公募型プロポーザルについて,https://www.pref.saitama.lg.jp/a1105/tokorozawa_skatepark/tokorozawa_advisory.html,2026-05-02
埼玉県,令和7年度「埼玉県小児救急電話相談業務委託」の企画提案競技を実施します,https://www.pref.saitama.lg.jp/a0703/r7syonikyukyudenwasodan.html,2026-05-02
埼玉県,令和7年度パパ・ママ応援ショップ等協賛店舗開拓業務委託企画提案競技の実施について,https://www.pref.saitama.lg.jp/a0607/papa-mama/r7kaitaku.html,2026-05-02
埼玉県,令和7年度埼玉県ＳＮＳ相談事業業務委託に係る企画提案競技の実施について,https://www.pref.saitama.lg.jp/a0705/kikakuteiansnssoudan.html,2026-05-02
埼玉県,令和7年度「頑張る新規就農者応援事業（多様な担い手確保PR事業）業務委託」の企画提案競技を実施します,https://www.pref.saitama.lg.jp/soshiki/a0903/r7prjigyou.html,2026-05-02
埼玉県,埼玉県環境科学国際センター彩かんかんドーム新規映像制作業務委託公募型プロポーザルの実施について,https://www.pref.saitama.lg.jp/a0501/r7eizou-itaku.html,2026-05-02
埼玉県,【募集終了】令和5年度埼玉県企業立地セミナーin大阪の運営支援業務委託に係る企画提案競技の実施について,https://www.pref.saitama.lg.jp/a0804/seminar05-osaka-itaku.html,2026-05-02
埼玉県,【募集終了】令和6年度埼玉県企業立地セミナーin東京の運営支援業務委託に係る企画提案競技の実施について,https://www.pref.saitama.lg.jp/a0804/kikakuteian_r6seminar.html,2026-05-02
埼玉県,令和7年度おもてなし通訳案内士プラス育成事業業務企画提案競技について,https://www.pref.saitama.lg.jp/a0806/r7omotenashi_guide.html,2026-05-02
埼玉県,産業団地におけるニーズ・適地調査業務委託の公募型プロポーザルについて,https://www.pref.saitama.lg.jp/c1303/needs_tekichi.html,2026-05-02
埼玉県,水辺空間を生かしたチームビルディングを軸とする本県への誘客に向けたモデルコースの企画・検証業務委託企画提案競技について,https://www.pref.saitama.lg.jp/a0806/sports/fam.html,2026-05-02
埼玉県,【募集終了】令和7年度災害時要配慮者避難体制整備サポート事業業務委託企画提案競技の実施について,https://www.pref.saitama.lg.jp/a0604/r7saigai.html,2026-05-02
埼玉県,「令和7年度埼玉県児童相談所第三者評価業務委託」に係る企画提案競技の実施について,https://www.pref.saitama.lg.jp/a0608/gyakutai-taiou/r7_daisansya.html,2026-05-02
埼玉県,埼玉県PPA方式による県有施設への電力供給事業プロポーザルの実施について,https://www.pref.saitama.lg.jp/a0503/ppa/ppa.html,2026-05-02
埼玉県,【委託候補事業者の決定】消費生活相談員対応強化研修業務委託に係る企画提案競技の実施について,https://www.pref.saitama.lg.jp/a0310/soudaninkensyu/r7soudaninkensyukettei.html,2026-05-02
埼玉県,【委託契約先候補者の決定】埼玉県北部地域の魅力を伝えるPR動画制作業務委託企画提案競技について,https://www.pref.saitama.lg.jp/b0110/chiikishinkou/hokubuchiikiprdouga.html,2026-05-02
埼玉県,【募集終了】経営革新計画フォローアップツール作成業務委託の企画提案競技の実施について,https://www.pref.saitama.lg.jp/a0805/keieikakusinkeikaku/2025followuptoolproposal.html,2026-05-02
埼玉県,【募集終了】ＳＡＩＴＡＭＡロボティクスセンター（仮称）の実証フィールド安全運用に係るガイドライン等作成業務委託の企画提案競技の実施について,https://www.pref.saitama.lg.jp/a0812/r7kikakuteian_guidelines.html,2026-05-02
埼玉県,【委託候補事業者の決定】外国人総合相談センター業務委託に係る企画提案競技の実施について,https://www.pref.saitama.lg.jp/a0306/tabunkakyousei/r7sogo-sodan.html,2026-05-02
埼玉県,【募集終了】メタバース空間を活用した埼玉県「逸品」PR業務 企画提案競技の実施について,https://www.pref.saitama.lg.jp/a0106/r7ippin.html,2026-05-02
埼玉県,令和7年度「大規模農業法人等の誘致活動推進事業に係る業務委託」の企画提案競技を実施します,https://www.pref.saitama.lg.jp/a0903/kigyousannyuu/r7kikakuteian-kigyosannyu.html,2026-05-02
埼玉県,令和7年度新埼玉県立図書館基本計画策定支援業務委託に係る企画提案競技の実施について,https://www.pref.saitama.lg.jp/f2215/toshokan/r7competition.html,2026-05-02
埼玉県,令和7年度埼玉県産いちごプロモーション業務委託に係る企画提案競技について,https://www.pref.saitama.lg.jp/a0902/a7_ichigo.html,2026-05-02
埼玉県,【募集終了】「埼玉県SDGs官民連携プラットフォーム『埼玉の豊かな水とみどりを守り育てる』分科会 都市公園の持続可能な利活用と環境保全に関する検討部会（次世代につなぐ大宮公園検討グループ）運営業務」の公募型プロポーザルについて,https://www.pref.saitama.lg.jp/a1105/oomiya/sdgsbukaikoukoku.html,2026-05-02
埼玉県,【募集終了】市町村窓口におけるDX化促進事業業務委託に係る企画提案競技の実施について,https://www.pref.saitama.lg.jp/a0310/itaku_dx/sichousondx2.html,2026-05-02
埼玉県,【募集終了】BCPサポーター（仮）登録等業務委託の企画提案競技の実施について（令和7年度）,https://www.pref.saitama.lg.jp/a0805/bcp/proposal2025.html,2026-05-02
埼玉県,【募集終了】令和7年度子育て世代向け移住促進に係る情報発信及び動画制作業務企画提案競技の実施について,https://www.pref.saitama.lg.jp/a0106/r7ijyuudouga/20250423.html,2026-05-02
埼玉県,【委託候補事業者の決定】資源循環農場・公園の運営管理に係る調査検討業務委託に係る公募型プロポーザルの実施について,https://www.pref.saitama.lg.jp/a0507/sigenjunkan_r7itaku.html,2026-05-02
埼玉県,【委託候補者の決定】令和8年4月開校の県立高校6校の学校PR動画制作業務委託に係る企画提案競技について,https://www.pref.saitama.lg.jp/f2219/2025gakkouprdouga.html,2026-05-02
埼玉県,【募集終了】令和7年度埼玉県産農産物首都圏プロモーション業務委託に係る企画提案競技について,https://www.pref.saitama.lg.jp/a0902/r7_agri.html,2026-05-02
埼玉県,埼玉県内大規模集客施設等におけるサーキュラーエコノミー普及啓発業務委託企画提案競技の実施について,https://www.pref.saitama.lg.jp/a0507/ce-itaku/daikibosyukyaku.html,2026-05-02
埼玉県,【委託候補事業者の決定】令和7年度「企業を主体としたネイチャーポジティブの推進」企画・運営業務委託に係る企画提案競技の実施について,https://www.pref.saitama.lg.jp/a0508/nature-positive-koubo.html,2026-05-02
埼玉県,埼玉県サーキュラーエコノミー価値発信広報業務委託企画提案競技の実施について,https://www.pref.saitama.lg.jp/a0507/ce-itaku/kachihassin.html,2026-05-02
埼玉県,企業誘致重点ターゲット調査分析等業務委託に係る企画提案競技の実施結果について,https://www.pref.saitama.lg.jp/a0804/kikakuteian_r7chousa.html,2026-05-02
埼玉県,【委託候補事業者の決定】令和7年度DX計画実行事業業務委託企画提案競技の実施について,https://www.pref.saitama.lg.jp/a0104/dx/20250410_koubo.html,2026-05-02
埼玉県,鳥獣保護センター管理運営業務委託に係る企画提案競技の実施について,https://www.pref.saitama.lg.jp/a0508/tyoujuuhogosenta-koubo.html,2026-05-02
埼玉県,【委託候補事業者の決定】埼玉県の酒と観光の魅力発信のための記事・パンフレット等制作業務委託に係る企画提案競技について,https://www.pref.saitama.lg.jp/a0806/sake_kiji.html,2026-05-02
埼玉県,令和7年度ワークエンゲージメント向上オフィス推進事業業務委託の公募型プロポーザルについて,https://www.pref.saitama.lg.jp/a0205/work-engagement.html,2026-05-02
埼玉県,【委託候補事業者の決定】サーキュラーエコノミースタートアップ企業ビジネスプランコンテスト運営等業務委託の企画提案競技の実施について,https://www.pref.saitama.lg.jp/a0812/r7_businessplan.html,2026-05-02
埼玉県,【委託候補事業者の決定】大企業のサーキュラーエコノミーニーズ調査業務委託の企画提案競技の実施について,https://www.pref.saitama.lg.jp/a0812/r7_daikigyouneeds.html,2026-05-02
埼玉県,【委託候補事業者の決定】埼玉県の酒を活用した観光プロモーション業務委託に係る企画提案競技について,https://www.pref.saitama.lg.jp/a0806/sake_promotion.html,2026-05-02
埼玉県,埼玉県伝統文化魅力発信アプリ作成及び利用促進プロモーション業務委託に係る企画提案競技の実施について,https://www.pref.saitama.lg.jp/a0305/proposal-denntou-appri2025_syuusei.html,2026-05-02
埼玉県,【委託候補事業者の決定】埼玉県市町村デジタル化支援業務委託に係る企画提案競技の実施について,https://www.pref.saitama.lg.jp/a0105/shichoson_digital_sien_r7.html,2026-05-02
埼玉県,【募集終了】コバトンALKOOマイレージコールセンター業務に係る企画提案競技の実施について,https://www.pref.saitama.lg.jp/a0704/2025callcenter.html,2026-05-02
埼玉県,埼玉県公用車予約管理システム提供業務の企画提案競技の実施について,https://www.pref.saitama.lg.jp/a1201/kouyousya/kouyousya.html,2026-05-02
埼玉県,スポーツツーリズム広域プロモーション業務委託企画提案競技について,https://www.pref.saitama.lg.jp/a0806/sports/promotion.html,2026-05-02
埼玉県,【委託候補事業者の決定】令和7年度埼玉県省エネナビゲーター事業等運営業務公募型プロポーザルの実施について,https://www.pref.saitama.lg.jp/a0502/shouene-shindan/r7itaku-proposal-navi.html,2026-05-02
埼玉県,【委託候補事業者の決定】令和7年度カーボンニュートラル推進分科会運営業務公募型プロポーザルの実施について,https://www.pref.saitama.lg.jp/a0502/cn-suishin-session/r7itaku-proposal-cn.html,2026-05-02
埼玉県,令和7年度ICT導入による看護業務改善を目指す病院へのアドバイザー派遣事業に係る委託業務の企画提案競技の実施について,https://www.pref.saitama.lg.jp/a0709/2024ictadvisercompe.html,2026-05-02
埼玉県,スポーツツーリズム周遊企画業務委託企画提案競技について,https://www.pref.saitama.lg.jp/a0806/sports/route.html,2026-05-02
埼玉県,【募集終了】ロボット関連技術PRカード作成等業務委託の企画提案競技の実施について,https://www.pref.saitama.lg.jp/a0812/r7kikakuteian_prcard.html,2026-05-02
埼玉県,【委託候補事業者の決定】埼玉県のいちごを活用した観光の魅力発信業務委託に係る企画提案競技について,https://www.pref.saitama.lg.jp/a0806/ichigo.html,2026-05-02
埼玉県,令和7年度パラスポーツ指導員養成講習会開催事業業務委託に係る企画提案競技の実施について,https://www.pref.saitama.lg.jp/a0312/parashidouinkikaku2025.html,2026-05-02
埼玉県,【契約先候補者の決定】埼玉県スポーツアプリ運用保守及びスマホスタンプラリー等観戦促進業務委託に係る企画提案競技の実施について,https://www.pref.saitama.lg.jp/a0312/webapplication/nyuusatu070408.html,2026-05-02
埼玉県,AIしごと診断・マッチングシステム構築業務委託に係る企画提案競技の実施について,https://www.pref.saitama.lg.jp/a0816/rodo/2025-jakunen.html,2026-05-02
埼玉県,北部地域振興交流拠点における産業振興施設の配置等調査検討業務委託の企画提案競技の実施について,https://www.pref.saitama.lg.jp/a0812/hokubu/20250325.html,2026-05-02
埼玉県,【委託候補事業者の決定】スポーツツーリズム動画制作業務委託企画提案競技について,https://www.pref.saitama.lg.jp/a0806/sports/movie.html,2026-05-02
埼玉県,【募集終了】働き方改革推進アドバイザー派遣業務委託に係る企画提案競技の実施について,https://www.pref.saitama.lg.jp/a0809/r7adviser.html,2026-05-02
埼玉県,【募集終了】働き方改革セミナー開催業務委託に係る企画提案競技の実施について,https://www.pref.saitama.lg.jp/a0809/r7seminar.html,2026-05-02
埼玉県,「令和7年度県内中小企業のためのデジタル人材育成事業業務委託」企画提案競技の実施について,https://www.pref.saitama.lg.jp/a0811/dizitaljinzai/r7dizitalkikakuteian.html,2026-05-02
埼玉県,学生向け起業伴走プログラム業務委託に係る企画提案競技の実施について,https://www.pref.saitama.lg.jp/a0803/sspj/saron/r7_gakuseikigyo-itaku.html,2026-05-02
埼玉県,「令和7年度トラスト保全地保全管理業務委託」に係る企画提案競技の実施について,https://www.pref.saitama.lg.jp/a0508/trusthozen-koubo.html,2026-05-02
埼玉県,音声テキスト化システム提供業務企画提案競技の実施について,https://www.pref.saitama.lg.jp/a0104/dx/20250401_koubo.html,2026-05-02
埼玉県,朝霞児童相談所一時保護所学習支援業務に係る企画提案競技の実施について,https://www.pref.saitama.lg.jp/a0608/seibi/gakusyu-shien/r7_asaka_kobo.html,2026-05-02
埼玉県,「令和7年度緑のトラスト基金募金・広報活動業務委託」に係る企画提案競技の実施について,https://www.pref.saitama.lg.jp/a0508/trustokikinbokinkoho.html,2026-05-02
埼玉県,女性によるビジネスプランコンテスト開催業務委託に係る企画提案競技の実施について,https://www.pref.saitama.lg.jp/a0803/sswp_r7itaku.html,2026-05-02
埼玉県,企業版ふるさと納税（地方創生応援税制）募集事業紹介動画作成業務委託 企画提案競技の実施について,https://www.pref.saitama.lg.jp/a0102/2025kifurumovie.html,2026-05-02
埼玉県,令和7年度バーチャル埼玉魅力発信等に関する業務における企画提案競技の実施について,https://www.pref.saitama.lg.jp/a0301/r7virtual_koubo.html,2026-05-02
埼玉県,「性暴力等犯罪被害者支援業務委託」に係る企画提案競技の実施について,https://www.pref.saitama.lg.jp/a0311/2025irisitaku.html,2026-05-02
埼玉県,【募集終了】第4次埼玉県広域緑地計画策定に向けた調査委託に係る公募型プロポーザルの実施について,https://www.pref.saitama.lg.jp/a0508/2025_midori-chousa.html,2026-05-02
埼玉県,令和7年度SAITAMAリバーサポーターズプロジェクト事業支援業務及びデジタルポイントカードによる参加促進企画「リバサポ・クエスト」業務委託の企画提案競技の実施について,https://www.pref.saitama.lg.jp/a0505/riversupporters/proposal2025rs.html,2026-05-02
埼玉県,スタートアップ創出・成長支援プログラム業務委託に係る企画提案競技の実施について,https://www.pref.saitama.lg.jp/a0803/sspj/saron/r7_startup-itaku.html,2026-05-02
埼玉県,【募集終了】オープンイノベーション創出・促進事業業務委託に係る企画提案競技の実施について,https://www.pref.saitama.lg.jp/a0803/sspj/saron/r7_oi-itaku.html,2026-05-02
埼玉県,埼玉県住生活基本計画等支援業務の委託に関するプロポーザルの実施について,https://www.pref.saitama.lg.jp/a1107/jyuuseikatsu-proposal/jyuuseikatsu-r7proposal.html,2026-05-02
埼玉県,令和7年度埼玉県返礼品付ふるさと納税業務委託企画提案競技の実施について,https://www.pref.saitama.lg.jp/a0106/henreihinfurusatonouzei.html,2026-05-02
埼玉県,【募集終了】令和7年度 埼玉版スーパー・シティプロジェクト市町村まちづくり支援業務委託に関する公募型プロポーザルの実施について,https://www.pref.saitama.lg.jp/a0503/r6sscp-proposal.html,2026-05-02
埼玉県,【募集終了】北部地域振興交流拠点基本計画策定等支援業務委託に係る企画提案競技の実施について,https://www.pref.saitama.lg.jp/a0104/hokubu/r6competition.html,2026-05-02
埼玉県,【募集終了】埼玉県県庁舎再整備基本構想・基本計画策定支援業務の公募型プロポーザルについて,https://www.pref.saitama.lg.jp/a0205/kinoukentou/kihonkosokihonkeikakuitaku.html,2026-05-02
埼玉県,【募集終了】「さいたまけん★こどものこえ」メンバー募集に係る広報業務委託企画提案競技の実施について,https://www.pref.saitama.lg.jp/a0607/kodomonokoe/r7kikakuteiann.html,2026-05-02
埼玉県,令和7年度シニアの活躍の場の拡大事業業務委託の企画提案競技の実施について,https://www.pref.saitama.lg.jp/a0813/siniakatsuyaku-koubo/r6-seniorkigyou-koubo.html,2026-05-02
埼玉県,令和7年度70歳雇用制度導入アドバイザー派遣業務委託の企画提案競技の実施について,https://www.pref.saitama.lg.jp/a0813/siniakatsuyaku-koubo/70saikoyouseidoadvisor2023-koubo.html,2026-05-02
埼玉県,障害者の差別解消及び権利擁護相談窓口等業務委託に係る企画提案競技の実施について,https://www.pref.saitama.lg.jp/a0604/sabetu/sabetsukaisho-sodan.html,2026-05-02
埼玉県,若者自立支援センター埼玉運営・就業支援事業（対面、メタバース）業務委託に係る企画提案競技の再実施について,https://www.pref.saitama.lg.jp/a0816/rodo/r7wakamonojiritsuitaku2.html,2026-05-02
埼玉県,埼玉県環境科学国際センターメディアワークショップ新規映像制作業務委託公募型プロポーザルの実施について,https://www.pref.saitama.lg.jp/b0508/r6-2eizouseisaku.html,2026-05-02
埼玉県,こどもの居場所づくり支援事業業務委託に係る企画提案競技の実施について,https://www.pref.saitama.lg.jp/b0616/ibasho/itaku20250301.html,2026-05-02
埼玉県,「令和7年度埼玉県保育士等キャリアアップ研修事業業務委託」の企画提案競技の実施について,https://www.pref.saitama.lg.jp/b0616/kenko/jidofukushi/kosodateshien/hoikushi/r7careerup.html,2026-05-02
埼玉県,「令和7年度保育士・子育て支援員等研修事業業務委託」の企画提案競技の実施について,https://www.pref.saitama.lg.jp/b0616/kenko/jidofukushi/kosodateshien/hoikushi/r7hoikushi_kosodateshiennin.html,2026-05-02
埼玉県,令和7年度埼玉県保育士・保育園支援センター運営等事業委託企画提案競技の実施について,https://www.pref.saitama.lg.jp/b0616/hoiku-jinzai/r7hohocenter_bosyu.html,2026-05-02
埼玉県,令和7年度県内中小企業若手社員等合同研修会業務委託に係る企画提案競技の実施について,https://www.pref.saitama.lg.jp/a0809/rodo/2025wakate.html,2026-05-02
埼玉県,令和7年度埼玉県障害福祉従事者等研修事業業務委託に係る企画提案競技の実施について,https://www.pref.saitama.lg.jp/a0605/kensyu/r5kikakuteian.html,2026-05-02
埼玉県,障害者差別解消法等周知啓発動画作成業務委託契約に係る企画提案競技の実施について,https://www.pref.saitama.lg.jp/a0604/sabetu/sabetsukaisho-doga2.html,2026-05-02
埼玉県,令和7年度グローバル人材育成センター埼玉事業業務委託契約に係る企画提案の公募（プロポーザル）,https://www.pref.saitama.lg.jp/a0306/global/proposal2025.html,2026-05-02
埼玉県,中小企業人手不足対応支援事業調査業務委託の企画提案競技の実施について（令和7年度）,https://www.pref.saitama.lg.jp/a0805/hitodebusoku/proposal2025.html,2026-05-02
埼玉県,所有者不明土地の管理適正化マニュアル作成業務委託に係る企画提案競技の実施について,https://www.pref.saitama.lg.jp/a0108/tochiseisaku/koubo01.html,2026-05-02
埼玉県,令和7年度埼玉県外国人介護人材雇用促進事業業務委託に係る企画提案の公募(プロポーザル),https://www.pref.saitama.lg.jp/a0603/jinzaikakuho/gaikokuzin.html,2026-05-02
埼玉県,令和7年度埼玉県民泊・旅行業・通訳案内士窓口受付業務委託に係る企画提案競技について（公示案件）,https://www.pref.saitama.lg.jp/a0806/kouzi.html,2026-05-02
埼玉県,令和7年度埼玉県LINE、電話及びメタバースによる性の多様性に関する相談事業業務委託に関する公募型プロポーザルの実施について,https://www.pref.saitama.lg.jp/a0303/2025seinotayousei-soudanitaku.html,2026-05-02
埼玉県,令和7年度埼玉県性的マイノリティが働きやすい環境づくり事業業務委託の企画提案競技の実施について,https://www.pref.saitama.lg.jp/a0303/2025seitekimainorithi-kigyou-itaku.html,2026-05-02
埼玉県,プレコンセプションケア相談センター事業業務委託に係る企画提案競技の実施について,https://www.pref.saitama.lg.jp/a0704/boshi/puretama.html,2026-05-02
埼玉県,令和7年度Instagram埼玉県公式アカウント運用サポート業務委託に係る企画提案競技の実施について,https://www.pref.saitama.lg.jp/a0314/sainokuni/r7instagram.html,2026-05-02
埼玉県,介護テクノロジー導入・業務改善支援センター（仮称）業務委託に係る企画提案の公募(プロポーザル),https://www.pref.saitama.lg.jp/a0603/kaigo-net/seisansei/2025sentaa_itaku_puropo.html,2026-05-02
埼玉県,【募集終了】中小企業人手不足対応支援事業調査業務委託の企画提案競技の実施について（令和6年度）,https://www.pref.saitama.lg.jp/a0805/hitodebusoku/hitodebusoku.html,2026-05-02
埼玉県,令和7年度埼玉県プロフェッショナル人材戦略拠点運営業務委託に係る企画提案競技の実施について,https://www.pref.saitama.lg.jp/a0809/projinzai/kikakuteian2025.html,2026-05-02
埼玉県,令和7年度埼玉しごとセンター運営事業等業務委託に係る企画提案競技の実施について,https://www.pref.saitama.lg.jp/a0816/shigotocenter/20240212koukoku.html,2026-05-02
埼玉県,令和7年度埼玉県女性キャリアセンター在宅ワーク就業支援事業業務委託に係る企画提案競技の実施について,https://www.pref.saitama.lg.jp/swcc/6_jyokyari_itaku/7_zaitaku.html,2026-05-02
埼玉県,就労B型受注拡大ステーション事業業務委託に係る企画提案競技の実施について,https://www.pref.saitama.lg.jp/a0605/kikakuteian_shu-b-station.html,2026-05-02
埼玉県,令和7年度埼玉県女性キャリアセンター運営事業等業務委託に係る企画提案競技の実施について,https://www.pref.saitama.lg.jp/swcc/7_jyokyari_itaku.html,2026-05-02
埼玉県,埼玉県障害者雇用総合サポートセンター障害者職場定着支援業務委託に係る企画提案競技の実施について,https://www.pref.saitama.lg.jp/a0816/rodo/kikakuteian.html,2026-05-02
埼玉県,埼玉県障害者雇用総合サポートセンター企業支援業務等委託に係る企画提案競技の実施について,https://www.pref.saitama.lg.jp/a0816/rodo/supportcenter.html,2026-05-02
埼玉県,【候補者の決定】ねんりんピック彩の国さいたま2026宿泊・輸送等業務公募型プロポーザルの実施について,https://www.pref.saitama.lg.jp/b0617/nenrin-shukuhakuyusou/puropo.html,2026-05-02
埼玉県,【委託候補事業者の決定】ものづくり企業の社会実装フェーズにおける資金調達のための成長戦略策定支援業務委託の企画提案競技の実施について,https://www.pref.saitama.lg.jp/a0812/seityousien.html,2026-05-02
埼玉県,【契約先候補者の決定】埼玉県eスポーツトレーニングキャンプ2024運営業務委託に係る企画提案競技の実施について,https://www.pref.saitama.lg.jp/a0312/esports/esports_camp2024.html,2026-05-02
埼玉県,【募集終了】公園等建設工事（所沢航空記念公園スケートパーク基本構想検討業務委託）簡易公募型プロポーザル方式について［公園スタジアム課］,https://www.pref.saitama.lg.jp/a1105/tokorozawaskatekihon.html,2026-05-02
埼玉県,【募集終了】SAITAMAロボティクスセンター（仮称）情報ネットワーク基盤等開発支援業務委託の企画提案競技の実施について,https://www.pref.saitama.lg.jp/a0812/r6kikakuteian_rcs.html,2026-05-02
埼玉県,彩の国だより特集号を活用した「埼玉の日本酒」情報発信等業務委託企画提案競技の実施について,https://www.pref.saitama.lg.jp/a0314/sainokuni/sainokunidayori-tokusyugo-pr.html,2026-05-02
埼玉県,災害時要配慮者避難体制整備サポート事業業務委託公募型プロポーザルの実施について,https://www.pref.saitama.lg.jp/a0604/r5hinantaiseiseibi/koubojisshi.html,2026-05-02
埼玉県,【契約先候補者の決定】埼玉県eスポーツイベント2024運営業務委託に係る企画提案競技の実施について,https://www.pref.saitama.lg.jp/a0312/esports/esports_event2024.html,2026-05-02
埼玉県,埼玉県サーキュラーエコノミー事例集デザイン及び印刷等業務委託企画提案競技の実施について,https://www.pref.saitama.lg.jp/a0507/circular/jireishu/r6jireishu.html,2026-05-02
埼玉県,オープンデータ活用イベント等運営業務委託に係る企画提案競技の実施について,https://www.pref.saitama.lg.jp/a0104/dx/20221018_koubo.html,2026-05-02
埼玉県,【募集終了】「共育てハンドブック（仮称）」広報業務委託企画提案競技の実施について,https://www.pref.saitama.lg.jp/a0607/tomosodate/tomosodadekouhou.html,2026-05-02
埼玉県,【募集終了】埼玉県持続可能な地域公共交通ネットワーク構築検討調査業務の企画提案募集について,https://www.pref.saitama.lg.jp/a0109/jizokukanounakoukyoukoutu.html,2026-05-02
埼玉県,令和6年度農福連携マッチングモデル事業業務委託に係る企画提案競技の実施について,https://www.pref.saitama.lg.jp/a0605/kikakuteian_noufuku/kikakuteian_jisshi6.html,2026-05-02
埼玉県,【委託候補事業者の決定】埼玉県の地酒を活用した観光プロモーション業務委託企画提案競技について,https://www.pref.saitama.lg.jp/a0806/jizake.html,2026-05-02
埼玉県,令和6年度パパ・ママ応援ショップ等協賛店舗開拓業務委託企画提案競技の実施について,https://www.pref.saitama.lg.jp/a0607/papa-mama/r6kaitaku.html,2026-05-02
埼玉県,令和6年度訪日外国人実態調査業務企画提案競技の実施について,https://www.pref.saitama.lg.jp/a0806/r6inbound-research.html,2026-05-02
埼玉県,「令和6年度埼玉県児童相談所第三者評価業務委託」に係る企画提案競技の実施について,https://www.pref.saitama.lg.jp/a0608/gyakutai-taiou/r6_daisansya.html,2026-05-02
埼玉県,【募集終了】埼玉県孤独・孤立対策に係る普及啓発動画制作・広報業務委託に係る企画提案競技の実施について,https://www.pref.saitama.lg.jp/a0601/kodoku-koritsu/hukyukeihatsu-kikakuteian.html,2026-05-02
埼玉県,【募集終了】埼玉県重度障害者グループホーム職員研修事業務委託に係る企画提案競技の実施について,https://www.pref.saitama.lg.jp/a0605/kensyu/r6-gh-kikakuteiann.html,2026-05-02
埼玉県,埼玉県ウェブチャットによる困難な問題を抱える女性相談及びDV相談業務委託の企画提案競技の実施について,https://www.pref.saitama.lg.jp/a0309/webchatsoudan_kikaku.html,2026-05-02
埼玉県,【募集終了】産業団地エネルギー効率的利用策検討調査業務委託の公募型プロポーザルについて,https://www.pref.saitama.lg.jp/c1303/energy_kouritu.html,2026-05-02
埼玉県,（募集終了）埼玉県虐待通報ダイヤル電話相談・交換業務等委託に係る企画提案競技の実施について,https://www.pref.saitama.lg.jp/a0601/gyakutaizyourei/documents/kikakuteian030707.html,2026-05-02
埼玉県,災害時要配慮者避難体制整備サポート事業業務委託企画提案競技の実施について,https://www.pref.saitama.lg.jp/a0604/r6hinantaiseiseibi/r6hinantaiseiseibi.html,2026-05-02
埼玉県,【募集終了】「渋沢栄一翁を軸としたメディア系FAMツアー企画・実施等業務委託」企画提案競技について,https://www.pref.saitama.lg.jp/a0806/page/20240703.html,2026-05-02
埼玉県,令和6年度「頑張る新規就農者応援事業（多様な担い手確保PR事業）業務委託」の企画提案競技を実施します,https://www.pref.saitama.lg.jp/a0903/keieitai/kikakuteian/r6prjigyoukoukoku.html,2026-05-02
埼玉県,【募集終了】「児童相談所業務支援システム再構築等業務委託」に係る企画提案競技の実施について,https://www.pref.saitama.lg.jp/a0608/gyakutai-taiou/r6jisou_system.html,2026-05-02
埼玉県,【募集終了】令和6年度埼玉県産いちごプロモーション業務委託に係る企画提案競技について,https://www.pref.saitama.lg.jp/a0902/r6_ichigo.html,2026-05-02
埼玉県,渋沢翁にゆかりのある民間企業の強みを生かした観光消費促進キャンペーン業務委託企画提案競技について,https://www.pref.saitama.lg.jp/a0806/shibusawa/campaign.html,2026-05-02
埼玉県,【募集終了】令和6年度商店街支援人材育成研修事業業務委託　企画提案競技の実施について,https://www.pref.saitama.lg.jp/a0802/shoutengai/r6jinzaiikusei.html,2026-05-02
埼玉県,【募集終了】埼玉県海外ビジネス可能性調査業務委託の企画提案競技の実施について,https://www.pref.saitama.lg.jp/a0804/bijinesuchousa/page/kokusai20240619.html,2026-05-02
埼玉県,令和6年度子育て世帯向け移住促進に係る情報発信及び動画制作業務企画提案競技の実施について,https://www.pref.saitama.lg.jp/a0106/r6ijyuudouga.html,2026-05-02
埼玉県,【募集終了】令和6年度埼玉県バーチャルユースセンター運営業務委託の企画提案競技の実施について,https://www.pref.saitama.lg.jp/a0307/vyc/20240527_koubo.html,2026-05-02
埼玉県,【契約先候補者が決定しました】埼玉県スポーツアプリ作成及びデジタルスタンプラリー等観戦促進業務委託企画提案競技の実施について,https://www.pref.saitama.lg.jp/a0312/webapplication/nyuusatu060510.html,2026-05-02
埼玉県,【募集終了】河川改修工事（新河岸川汚染土対策検討業務委託）の公募型プロポーザルの実施について,https://www.pref.saitama.lg.jp/b1002/sanpaitop/r6kentou.html,2026-05-02
埼玉県,潜在保育士掘り起こし事業業務委託に係る企画提案競技の実施について,https://www.pref.saitama.lg.jp/b0616/hoikushi/senzaihoikushihoriokoshi_koubo.html,2026-05-02
埼玉県,【募集終了】イントラプレナー人材育成ワークショップ業務委託に係る企画提案競技の実施について,https://www.pref.saitama.lg.jp/a0803/sspj/saron/r6_intorepreneur.html,2026-05-02
埼玉県,【募集終了】オープンイノベーション創出促進事業業務委託に係る企画提案競技の実施について,https://www.pref.saitama.lg.jp/a0803/sspj/saron/r6_oi-itaku.html,2026-05-02
埼玉県,【募集終了】スタートアップ創出プログラム業務委託の企画提案競技の実施について,https://www.pref.saitama.lg.jp/a0803/sspj/saron/r6_startup-pg-itaku.html,2026-05-02
埼玉県,令和6年度おもてなし通訳案内士プラス育成事業業務企画提案競技について,https://www.pref.saitama.lg.jp/a0806/20240621omotenashi.html,2026-05-02
埼玉県,【募集終了】令和6年度埼玉県産農産物首都圏プロモーション業務委託に係る企画提案競技について,https://www.pref.saitama.lg.jp/a0902/r6_agri.html,2026-05-02
埼玉県,「埼玉県和文化フェスタ2024」企画運営業務委託に係る企画提案競技の実施について,https://www.pref.saitama.lg.jp/a0305/proposal-festa2024.html,2026-05-02
埼玉県,令和6年度埼玉県アライによる暮らしやすい環境づくり推進セミナー事業業務委託の企画提案競技の実施について,https://www.pref.saitama.lg.jp/a0303/2024ally-seminar.html,2026-05-02
埼玉県,令和6年度「官民連携・共創による緑の保全・活用」企画・運営等支援業務委託の公募型プロポーザルの実施について,https://www.pref.saitama.lg.jp/a0508/6hozenkatuyou-puropo.html,2026-05-02
埼玉県,保育士支援ポータルサイト制作及び運営保守業務委託に係る企画提案競技の実施について,https://www.pref.saitama.lg.jp/b0616/hoikushi/hoikushiportalsite_koubo.html,2026-05-02
埼玉県,【募集終了】「共育てハンドブック（仮称）」作成業務委託企画提案競技の実施について,https://www.pref.saitama.lg.jp/a0607/ikumen/tomosodate.html,2026-05-02
埼玉県,【募集終了】「こども県政サポーター（仮称）」募集に係る広報業務委託企画提案競技の実施について,https://www.pref.saitama.lg.jp/a0607/supporter.html,2026-05-02
埼玉県,「やさしい日本語」普及促進事業業務委託の公募型プロポーザルの実施について,https://www.pref.saitama.lg.jp/a0306/yasashi-nihongo/2024kouza.html,2026-05-02
埼玉県,【募集終了】「渋沢栄一起業家サロン（仮称）」運営等業務委託の企画提案競技の実施について,https://www.pref.saitama.lg.jp/a0803/sspj/saron/r6_uneiitaku.html,2026-05-02
埼玉県,男性育休推進イベント（仮）開催業務委託に係る企画提案競技の実施について,https://www.pref.saitama.lg.jp/a0809/r6ikukyuteian.html,2026-05-02
埼玉県,令和6年度子育て世帯層向け移住促進オンデマンドセミナー動画制作業務委託 企画提案競技の実施について,https://www.pref.saitama.lg.jp/a0106/r6seminar/r6seminar.html,2026-05-02
埼玉県,多文化共生を推進するボランティア育成事業業務の公募型プロポーザルについて,https://www.pref.saitama.lg.jp/a0306/kikakuteian.html,2026-05-02
埼玉県,【募集終了】BIツール試行的導入支援業務委託 企画提案競技の実施について,https://www.pref.saitama.lg.jp/a0206/20240402_proposal_data-renkei.html,2026-05-02
埼玉県,【委託候補事業者の決定】新一万円札発行を記念した観光・物産関連商品の企画・促進等業務委託企画提案競技について,https://www.pref.saitama.lg.jp/a0806/shibusawa/ichiman.html,2026-05-02
埼玉県,【募集終了】令和6年度埼玉移住広告・SNSプロモーション業務 企画提案競技の実施について,https://www.pref.saitama.lg.jp/a0106/r6promotion/r6promotion.html,2026-05-02
埼玉県,DX計画実行事業業務委託企画提案競技の実施について,https://www.pref.saitama.lg.jp/a0104/dx/20240410_koubo.html,2026-05-02
埼玉県,【委託候補事業者の決定】渋沢栄一翁を軸とした広域観光プロモーション業務委託企画提案競技について,https://www.pref.saitama.lg.jp/a0806/shibusawapr/shibusawapr.html,2026-05-02
埼玉県,公金収納のキャッシュレス化推進に係る広報物及び動画作成業務委託の企画提案競技の実施について,https://www.pref.saitama.lg.jp/a1201/kouhou-20240514.html,2026-05-02
埼玉県,令和6年度にじいろ県民講座業務委託の企画提案競技の実施について,https://www.pref.saitama.lg.jp/a0303/2024lgbtq-kouza.html,2026-05-02
埼玉県,【募集終了】学生向け起業プログラム業務委託に係る企画提案競技の実施について,https://www.pref.saitama.lg.jp/a0803/sspj/saron/r6_stukigyo-itaku.html,2026-05-02
埼玉県,【契約先候補者を決定しました】大宮双輪場のあり方に関する調査検討業務委託に係る企画提案競技の実施について,https://www.pref.saitama.lg.jp/b0201/r6kikakuteian-arikata.html,2026-05-02
埼玉県,【委託候補事業者の決定】新一万円札発行を契機とした観光周遊促進キャンペーン企画・実施等業務委託企画提案競技について,https://www.pref.saitama.lg.jp/a0806/shibusawa/silkhat.html,2026-05-02
埼玉県,ノーコードツール運用支援業務企画提案競技の実施について,https://www.pref.saitama.lg.jp/a0104/dx/2024no-code-unyo.html,2026-05-02
埼玉県,「埼玉版ＳＤＧｓ官民連携プラットフォーム水辺空間の持続可能な利活用及び環境課題解決に向けた部会業務委託」の公募型プロポーザル実施について,https://www.pref.saitama.lg.jp/a1008/kawanosaisei/koukoku/r6sdgs.html,2026-05-02
埼玉県,県内プロスポーツチームと連携した出会いのきっかけづくりとなる婚活イベント業務委託企画提案競技の実施について,https://www.pref.saitama.lg.jp/a0607/kekkon/kikakuteian/sports.html,2026-05-02
埼玉県,北部地域振興交流拠点における産業振興施策及び施設に係る運営手法等の調査検討業務委託の企画提案競技の実施について,https://www.pref.saitama.lg.jp/a0812/hokubu/20240326.html,2026-05-02
埼玉県,令和6年度「空き家コーディネーター」業務委託の簡易公募型プロポーザルについて（終了しました）,https://www.pref.saitama.lg.jp/a1106/akiya/r6_akiyacoordinator.html,2026-05-02
埼玉県,【募集終了】ＳＡＩＴＡＭＡロボティクスセンター（仮称）管理運営アドバイザリー業務委託の企画提案競技の実施について,https://www.pref.saitama.lg.jp/a0812/koubo-kanriunei.html,2026-05-02
埼玉県,【募集終了】令和6年度埼玉県県庁舎再整備検討支援事業業務の公募型プロポーザルについて,https://www.pref.saitama.lg.jp/a0205/kinoukentou/kinoukentour6.html,2026-05-02
埼玉県,ジェンダー視点による避難所開設・運営の充実強化業務委託 公募型プロポーザルの実施について,https://www.pref.saitama.lg.jp/a0402/jenda-hinanjo.html,2026-05-02
埼玉県,【委託先候補事業者の決定】ものづくり企業の事業多角化支援業務委託の企画提案競技の実施について,https://www.pref.saitama.lg.jp/a0812/takakuka-shien.html,2026-05-02
埼玉県,「企業人材リスキリング・求人支援ポータル制作業務委託」企画提案競技の実施について,https://www.pref.saitama.lg.jp/a0811/reskilling-portal/portal-kikakushinsa.html,2026-05-02
埼玉県,「令和6年度県内中小企業のためのデジタル人材育成事業業務委託」企画提案競技の実施について,https://www.pref.saitama.lg.jp/a0811/dizitaljinzai/r6dizitalkikakuteian.html,2026-05-02
埼玉県,労働者協同組合啓発業務委託に係る企画提案競技の実施について,https://www.pref.saitama.lg.jp/a0809/r6roukyou.html,2026-05-02
埼玉県,生成AI導入業務委託企画提案競技の実施について,https://www.pref.saitama.lg.jp/a0104/dx/20240408_koubo.html,2026-05-02
埼玉県,「令和6年度スマート農業人材育成研修運営業務委託」の企画提案競技を実施します,https://www.pref.saitama.lg.jp/a0903/fukyu/smart-agriculture/smart-hpr5.html,2026-05-02
埼玉県,令和6年度SAITAMAリバーサポーターズプロジェクト事業支援業務及びデジタルポイントカードによる参加促進企画「リバサポ・クエスト」業務委託の企画提案競技の実施について,https://www.pref.saitama.lg.jp/a0505/riversupporters/proporsal2024rs.html,2026-05-02
埼玉県,【募集終了】北部地域振興交流拠点基本構想策定等支援業務委託に係る企画提案競技の実施について,https://www.pref.saitama.lg.jp/a0104/hokubu/r5competition.html,2026-05-02
埼玉県,【募集終了】令和6年度 埼玉版スーパー・シティプロジェクト 市町村と企業等のマッチング強化業務委託に関する公募型プロポーザルの実施について,https://www.pref.saitama.lg.jp/a0503/r6sscp-matching.html,2026-05-02
埼玉県,埼玉県妊婦緊急一時受け入れ事業コーディネーター業務委託に係る企画提案競技の実施について,https://www.pref.saitama.lg.jp/a0704/boshi/tyoukaku/ninnpukinnkilyuu.html,2026-05-02
埼玉県,「令和6年度埼玉県保育士等キャリアアップ研修事業業務委託」の企画提案競技の実施について,https://www.pref.saitama.lg.jp/b0616/kenko/jidofukushi/kosodateshien/hoikushi/r6careerup.html,2026-05-02
埼玉県,令和6年度「埼玉農業経営塾運営業務委託」の企画提案競技を実施します,https://www.pref.saitama.lg.jp/a0903/keieitai/kikakuteian/r6keieijuku.html,2026-05-02
埼玉県,「令和6年度保育士・子育て支援員等研修事業業務委託」の企画提案競技の実施について,https://www.pref.saitama.lg.jp/b0616/kenko/jidofukushi/kosodateshien/hoikushi/r6hoikushi_kosodateshiennin.html,2026-05-02
埼玉県,令和6年度県内中小企業若手社員等合同研修会業務委託に係る企画提案競技の実施について,https://www.pref.saitama.lg.jp/a0809/rodo/2024wakate.html,2026-05-02
埼玉県,令和6年度埼玉県性的マイノリティが働きやすい環境づくり事業業務委託の企画提案競技の実施について,https://www.pref.saitama.lg.jp/a0303/2024seitekimainorithi-kigyou-itaku.html,2026-05-02
埼玉県,令和6年度埼玉県LINE、電話及びメタバースによる性の多様性に関する相談事業業務委託の企画提案競技の実施について,https://www.pref.saitama.lg.jp/a0303/2024seinotayousei-soudanitaku.html,2026-05-02
埼玉県,【募集終了】「令和6年度見沼たんぼ公有地管理運営業務委託」に係る企画提案競技の実施について,https://www.pref.saitama.lg.jp/a0108/rikatsuyou-koubo/r6.html,2026-05-02
埼玉県,【募集終了】「令和6年度見沼たんぼに適した農作物の実証栽培業務委託」に係る企画提案競技の実施について,https://www.pref.saitama.lg.jp/a0108/rikatsuyou-koubo/r6jissyousaibai.html,2026-05-02
埼玉県,令和6年度埼玉しごとセンター運営事業等業務委託に係る企画提案競技の実施について,https://www.pref.saitama.lg.jp/a0816/shigotocenter/20230220koukoku.html,2026-05-02
埼玉県,「令和6年度スポーツビジネス相談対応等業務委託」企画提案競技の実施について,https://www.pref.saitama.lg.jp/a0802/sports/itaku2024.html,2026-05-02
埼玉県,「令和5年度埼玉県児童相談所一時保護所第三者評価業務委託」に係る企画提案競技の実施について,https://www.pref.saitama.lg.jp/a0608/gyakutai-taiou/r5_daisansya/hogosho.html,2026-05-02
埼玉県,渋沢栄一翁を軸とした観光プロモーション業務委託企画提案競技について,https://www.pref.saitama.lg.jp/a0806/shibusawapr.html,2026-05-02
埼玉県,【募集終了】「うどん共和国埼玉」PR動画制作等業務委託企画提案競技について,https://www.pref.saitama.lg.jp/a0806/udon/udonpr.html,2026-05-02
埼玉県,【募集終了】北部地域産業振興機能等調査検討業務の公募型プロポーザルについて,https://www.pref.saitama.lg.jp/a0812/hokubutiiki20220518.html,2026-05-02
埼玉県,【募集終了】北部地域産業振興施設等調査検討業務の公募型プロポーザルについて,https://www.pref.saitama.lg.jp/a0812/hokubu/20230508.html,2026-05-02
埼玉県,【委託候補事業者の決定】埼玉県議会PR用動画制作業務委託に係る企画提案競技について,https://www.pref.saitama.lg.jp/e1601/promotion/r5-promotion.html,2026-05-02
埼玉県,【募集終了】令和５年度第２回埼玉県医療提供施設光熱費等高騰対策支援金申請受付等業務委託公募型プロポーザルの実施について,https://www.pref.saitama.lg.jp/a0701/r5_2_bukkakoutousien_top.html,2026-05-02
埼玉県,【委託候補事業者の決定】イノベーション創出アクションプラン策定支援等業務委託の企画提案競技の実施について,https://www.pref.saitama.lg.jp/a0812/plan.html,2026-05-02
埼玉県,【募集終了】埼玉県eスポーツトレーニングキャンプ2023運営業務委託に係る企画提案競技の実施について,https://www.pref.saitama.lg.jp/a0312/esports/esports_camp2023.html,2026-05-02
埼玉県,【募集終了】埼玉県eスポーツイベント 2023運営業務委託に係る企画提案競技の実施について,https://www.pref.saitama.lg.jp/a0312/esports/esports_event.html,2026-05-02
埼玉県,埼玉バーチャル観光大使事務局・SNS等での情報発信運営業務委託に係る企画提案競技について,https://www.pref.saitama.lg.jp/a0806/2023vtubersns2.html,2026-05-02
埼玉県,令和5年度農福連携マッチングモデル事業業務委託に係る企画提案競技の実施について,https://www.pref.saitama.lg.jp/a0605/kikakuteian_noufuku/kikakuteian_jisshi.html,2026-05-02
埼玉県,【募集終了】消防団員出演によるPR動画作成業務の企画提案募集について,https://www.pref.saitama.lg.jp/a0404/nyusatsu/20230621_shobodan-prdouga.html,2026-05-02
埼玉県,令和4年度埼玉県西部地域におけるワーケーション促進事業業務委託に係る企画提案競技の実施について,https://www.pref.saitama.lg.jp/b0108/kikakuteian.html,2026-05-02
埼玉県,（募集終了）受動喫煙防止啓発動画制作業務に係る企画提案競技の実施について,https://www.pref.saitama.lg.jp/a0704/kenkochoju/judodoga.html,2026-05-02
埼玉県,【募集終了】令和5年度埼玉県産いちごプロモーション業務委託に係る企画提案競技について,https://www.pref.saitama.lg.jp/a0902/r5_ichigo.html,2026-05-02
埼玉県,【募集終了】令和5年度情報メディアを活用した埼玉移住魅力発信業務委託に係る企画提案競技の実施について,https://www.pref.saitama.lg.jp/a0106/sumunarasaitama/ijupromo/r5gyoumu_itaku_kikakuteian.html,2026-05-02
埼玉県,【募集終了】令和5年度埼玉移住ガイドブック作成業務委託に係る企画提案競技の実施について,https://www.pref.saitama.lg.jp/a0106/sumunarasaitama/ijupromo/r5gyoumu_itaku_guide.html,2026-05-02
埼玉県,令和4年度「住むなら埼玉」移住総合支援事業務委託に係る企画提案競技の実施について,https://www.pref.saitama.lg.jp/a0106/sumunarasaitama/ijupromo/r4gyoumu_itaku_kikakuteian.html,2026-05-02
埼玉県,令和4年度埼玉県移住就業支援マッチングシステム開設・運営事業業務委託に係る企画提案競技の実施について,https://www.pref.saitama.lg.jp/a0106/sumunarasaitama/ijushugyo-matching-system/r4competition.html,2026-05-02
埼玉県,令和3年度「住むなら埼玉」移住総合支援事業務委託に係る企画提案競技の実施について,https://www.pref.saitama.lg.jp/a0106/sumunarasaitama/ijupromo/gyoumu_itaku_kikakuteian.html,2026-05-02
埼玉県,【募集終了】スマホデビューした高齢者向けステップアップ講座業務委託企画提案競技について,https://www.pref.saitama.lg.jp/b0110/chiikishinkou/stepupkouza.html,2026-05-02
埼玉県,次期健康増進事業歩数管理アプリコールセンター業務に係る企画提案競技の実施について,https://www.pref.saitama.lg.jp/a0704/kenkochoju/kikakuteiann-callcenter.html,2026-05-02
埼玉県,【募集終了】埼玉県次期健康増進事業 栄養・総合管理アプリ構築・サービス提供業務に係る企画提案競技の実施について,https://www.pref.saitama.lg.jp/a0704/eiyou-sougou.html,2026-05-02
埼玉県,【募集終了】「（仮称）渋沢栄一起業家サロン」活用促進事業業務委託の企画提案競技の実施について,https://www.pref.saitama.lg.jp/a0803/sspj/saron/katuyousokusinr5.html,2026-05-02
埼玉県,【募集終了】埼玉県議会議員控室接遇業務及び議事堂警備業務委託に関する公募型プロポーザルについて,https://www.pref.saitama.lg.jp/f1603/setuguu/r50714.html,2026-05-02
埼玉県,【募集終了】観光関連事業者の新たなチャンスを生み出すネットワーク強化業務委託企画提案競技について,https://www.pref.saitama.lg.jp/a0806/kyouka/kyouka.html,2026-05-02
埼玉県,【募集終了】デジタルライブラリーの先進事例調査に係る業務委託企画提案競技について,https://www.pref.saitama.lg.jp/f2215/toshokan/digital-library-advanced-case-study.html,2026-05-02
埼玉県,埼玉県オープンデータカタログシステム再構築等業務に係る企画提案競技,https://www.pref.saitama.lg.jp/a0104/dx/20230704_koubo.html,2026-05-02
埼玉県,「令和5年度埼玉県児童相談所第三者評価業務委託」に係る企画提案競技の実施について,https://www.pref.saitama.lg.jp/a0608/gyakutai-taiou/r5_daisansya2.html,2026-05-02
埼玉県,埼玉県プラスチック循環利用モデル促進事業支援業務委託の公募プロポーザルについて,https://www.pref.saitama.lg.jp/a0507/0703-2.html,2026-05-02
埼玉県,「官民連携・共創による緑の保全・活用」企画提案等業務委託の公募型プロポーザルの実施について,https://www.pref.saitama.lg.jp/a0508/hozen-sousyutukoubopuropo-zaru.html,2026-05-02
埼玉県,【募集終了】第44回九都県市合同防災訓練（埼玉県会場）撮影・配信等業務委託公募型プロポーザルの実施について,https://www.pref.saitama.lg.jp/a0402/44kunrenpuropo.html,2026-05-02
埼玉県,【募集終了】埼玉県知事選挙における啓発物のデザイン及び啓発動画等の制作業務の企画提案競技の実施について,https://www.pref.saitama.lg.jp/e1701/nyusatu.html,2026-05-02
埼玉県,第9期埼玉県高齢者支援計画策定支援業務委託企画提案競技の実施について,https://www.pref.saitama.lg.jp/a0603/keikakukikakuteian.html,2026-05-02
埼玉県,【募集終了】令和5年度商店街課題解決実践研修（伴走人材育成）事業業務委託に係る企画提案募集について,https://www.pref.saitama.lg.jp/a0802/shoutengai/jinzaiikusei.html,2026-05-02
埼玉県,埼玉バーチャル観光大使ARスタンプラリー業務企画提案競技について,https://www.pref.saitama.lg.jp/a0806/vtuber/stamp.html,2026-05-02
埼玉県,（募集終了）令和5年度SAITAMAリバーサポーターズプロジェクト事業支援業務委託の企画提案競技の実施について,https://www.pref.saitama.lg.jp/a0505/river-supporters.html,2026-05-02
埼玉県,令和5年度「空き家コーディネーター」業務委託の簡易公募型プロポーザルについて（終了しました）,https://www.pref.saitama.lg.jp/a1106/akiya/r5_akiyacoordinator.html,2026-05-02
埼玉県,令和5年度埼玉県県庁舎再整備検討支援事業業務の公募型プロポーザルについて,https://www.pref.saitama.lg.jp/a0205/kinoukentou/kinoukentour5.html,2026-05-02
埼玉県,埼玉版スーパー・シティプロジェクト市町村と企業等のマッチング強化業務委託に関する公募型プロポーザルの実施について,https://www.pref.saitama.lg.jp/a0503/r5sscp-matching.html,2026-05-02
埼玉県,【募集終了】令和5年度地域福祉活動者向け研修事業業務委託に係る企画提案競技の実施について,https://www.pref.saitama.lg.jp/a0609/carer/chiikihkusikatsudousyamukekensyu.html,2026-05-02
埼玉県,令和５年度バーチャル埼玉フェスティバル運営等に関する業務における企画提案競技について,https://www.pref.saitama.lg.jp/a0301/virtual_saitama_festival.html,2026-05-02
埼玉県,【募集終了】データ連携検討支援業務委託 企画提案競技の実施について,https://www.pref.saitama.lg.jp/a0206/20230406_proposal_data_renkei.html,2026-05-02
埼玉県,令和５年度埼玉バーチャル観光大使動画制作等業務企画提案競技について,https://www.pref.saitama.lg.jp/a0806/vtuber/movies.html,2026-05-02
埼玉県,「県内中小企業のためのデジタル人材育成事業業務委託」企画提案競技の実施について,https://www.pref.saitama.lg.jp/a0811/dizitaljinzai/r5dizitalkikakuteian.html,2026-05-02
埼玉県,「（仮称）渋沢栄一起業家サロン」機能等検討調査業務委託の企画提案競技の実施について,https://www.pref.saitama.lg.jp/a0803/sspj/saron/chousaitakur5.html,2026-05-02
埼玉県,価格転嫁の実効性確保に向けた働き掛け業務委託に係る企画提案競技の実施について,https://www.pref.saitama.lg.jp/a0801/kakakutenka-koukoku.html,2026-05-02
埼玉県,ガソリン給油用カード発行業務の企画提案競技の実施について,https://www.pref.saitama.lg.jp/a1201/creditcard/20221107.html,2026-05-02
埼玉県,埼玉県医療安全啓発デザイン・印刷業務委託に係る企画提案競技の実施について,https://www.pref.saitama.lg.jp/a0703/bouryokuharasumentoposter.html,2026-05-02
埼玉県,共助の担い手養成事業 若者の地域社会活動への参加促進業務委託企画提案競技の実施について（終了しました）,https://www.pref.saitama.lg.jp/a0302/2022_ninaiteyousei-gyoumuitaku.html,2026-05-02
埼玉県,（募集終了）SAITAMAリバーサポーターズプロジェクト事業支援業務委託の企画提案競技の実施について,https://www.pref.saitama.lg.jp/a0505/proposal.html,2026-05-02
さいたま市,【最優秀提案者を決定しました】さいたま市立病院広告付きデジタルサイネージ設置事業　企画提案書の募集（公募型プロポーザル）について,https://www.city.saitama.lg.jp/005/001/017/012/p127654.html,2026-05-02
さいたま市,【最優秀提案者を決定しました】さいたま市立病院入院セットレンタル運営　企画提案書の募集（公募型プロポーザル）について,https://www.city.saitama.lg.jp/005/001/017/012/p125377.html,2026-05-02
さいたま市,【質問に対する回答を追加しました】盆栽春まつり開催事業業務について【公募型プロポーザル（企画提案）方式の実施】,https://www.city.saitama.lg.jp/005/001/017/012/p128133.html,2026-05-02
さいたま市,【最優秀提案者が決定しました】さいたま市新庁舎整備基本設計業務　技術提案書の募集（公募型プロポーザル）について,https://www.city.saitama.lg.jp/006/007/002/022/001/004/p115199.html,2026-05-02
川口市,川口市電力地産地消事業の公募型プロポーザルを行います,https://www.city.kawaguchi.lg.jp/jigyoshamuke/nyusatsu_keiyakujoho/puropokikaku/51415.html,2026-05-02
川口市,土地公図・家屋配置図管理システム入替業務委託に係る公募型プロポーザルの実施について,https://www.city.kawaguchi.lg.jp/jigyoshamuke/nyusatsu_keiyakujoho/puropokikaku/51207.html,2026-05-02
川口市,登記履歴管理システム構築等業務委託に係る公募型プロポーザルの実施について,https://www.city.kawaguchi.lg.jp/jigyoshamuke/nyusatsu_keiyakujoho/puropokikaku/50520.html,2026-05-02
川口市,川口駅周辺在り方検討調査委託に係る公募型プロポーザルの参加事業者募集について,https://www.city.kawaguchi.lg.jp/jigyoshamuke/nyusatsu_keiyakujoho/puropokikaku/50515.html,2026-05-02
川口市,朝日環境センター施設整備基本設計業務委託の公募型プロポーザルを行います,https://www.city.kawaguchi.lg.jp/jigyoshamuke/nyusatsu_keiyakujoho/puropokikaku/50349.html,2026-05-02
川口市,グリーンインフラの活用に関するワークショップ支援業務委託に係る公募型プロポーザルの実施について,https://www.city.kawaguchi.lg.jp/jigyoshamuke/nyusatsu_keiyakujoho/puropokikaku/48712.html,2026-05-02
川口市,UR川口並木町跡地を利用する事業者選定公募型プロポーザルについて,https://www.city.kawaguchi.lg.jp/jigyoshamuke/nyusatsu_keiyakujoho/puropokikaku/48663.html,2026-05-02
川口市,朝日環境センター施設整備基本計画策定業務及び環境影響評価業務委託の公募型プロポーザルを行います,https://www.city.kawaguchi.lg.jp/jigyoshamuke/nyusatsu_keiyakujoho/puropokikaku/44459.html,2026-05-02
川口市,川口市企業ガイド作成委託公募型プロポーザルについて,https://www.city.kawaguchi.lg.jp/jigyoshamuke/nyusatsu_keiyakujoho/puropokikaku/41408.html,2026-05-02
川越市,プロポーザル案件,https://www.city.kawagoe.saitama.jp/sangyo/nyusatsu/1011749/1011776/index.html,2026-05-02
川越市,川越市物価高騰対応デジタルギフト支給事業業務委託に係る公募型プロポーザルの選考結果,https://www.city.kawagoe.saitama.jp/sangyo/nyusatsu/1011749/1011776/1017300/1020434.html,2026-05-02
川越市,川越市学校関連施設LED照明器具賃貸借事業に係る公募型プロポーザルの選考結果,https://www.city.kawagoe.saitama.jp/sangyo/nyusatsu/1011749/1011776/1017300/1020356.html,2026-05-02
川越市,川越市物価高騰対応デジタルギフト支給事業業務委託に係る公募型プロポーザルの質問回答,https://www.city.kawagoe.saitama.jp/sangyo/nyusatsu/1011749/1011776/1017300/1020346.html,2026-05-02
川越市,（受付終了）川越市物価高騰対応デジタルギフト支給事業業務委託に係る公募型プロポーザルの実施,https://www.city.kawagoe.saitama.jp/sangyo/nyusatsu/1011749/1011776/1017300/1020223.html,2026-05-02
川越市,川越市学校関連施設LED照明器具賃貸借事業に係る公募型プロポーザルの質問回答,https://www.city.kawagoe.saitama.jp/sangyo/nyusatsu/1011749/1011776/1017300/1019608.html,2026-05-02
川越市,川越市生活困窮者学習・生活支援事業、川越市ひとり親家庭等学習支援事業等業務委託に係る公募型プロポーザルの選考結果,https://www.city.kawagoe.saitama.jp/sangyo/nyusatsu/1011749/1011776/1017300/1019559.html,2026-05-02
川越市,（受付終了）川越市学校関連施設LED照明器具賃貸借事業に係る公募型プロポーザルの実施について,https://www.city.kawagoe.saitama.jp/sangyo/nyusatsu/1011749/1011776/1017300/1019427.html,2026-05-02
川越市,（終了しました）川越市病児・病後児保育予約システム構築・導入業務及び運用・保守業務に関する公募型プロポーザルの実施,https://www.city.kawagoe.saitama.jp/sangyo/nyusatsu/1011749/1011776/1017300/1019278.html,2026-05-02
川越市,（受付終了）川越市生活困窮者学習・生活支援事業、川越市ひとり親家庭等学習支援事業業務委託に係る公募型プロポーザルの実施,https://www.city.kawagoe.saitama.jp/sangyo/nyusatsu/1011749/1011776/1017300/1019259.html,2026-05-02
川越市,川越市生活困窮者学習・生活支援事業、川越市ひとり親家庭等学習支援事業業務委託に係る公募型プロポーザルの質問回答,https://www.city.kawagoe.saitama.jp/sangyo/nyusatsu/1011749/1011776/1017300/1019345.html,2026-05-02
川越市,（受付終了）川越市障害者相談支援事業業務委託に係る公募型プロポーザルの実施,https://www.city.kawagoe.saitama.jp/sangyo/nyusatsu/1011749/1011776/1017300/1019261.html,2026-05-02
川越市,川越市障害者相談支援事業業務委託に係る公募型プロポーザルの質問回答,https://www.city.kawagoe.saitama.jp/sangyo/nyusatsu/1011749/1011776/1017300/1019433.html,2026-05-02
川越市,川越市障害者相談支援事業業務委託に係る公募型プロポーザルの審査結果,https://www.city.kawagoe.saitama.jp/sangyo/nyusatsu/1011749/1011776/1017300/1019694.html,2026-05-02
川越市,川越市庁舎整備基本構想等策定支援業務委託に係る公募型プロポーザルの選考結果,https://www.city.kawagoe.saitama.jp/sangyo/nyusatsu/1011749/1011776/1017300/1019248.html,2026-05-02
川越市,川越市広告付き番号案内表示等システム設置事業者選定に係る公募型プロポーザルの審査結果,https://www.city.kawagoe.saitama.jp/sangyo/nyusatsu/1011749/1011776/1017300/1019164.html,2026-05-02
川越市,第10期川越市介護保険事業計画等策定支援業務委託に係る公募型プロポーザルの選定結果,https://www.city.kawagoe.saitama.jp/sangyo/nyusatsu/1011749/1011776/1017300/1018860.html,2026-05-02
川越市,川越市下水道事業100周年記念誌作成・印刷業務委託に係る公募型プロポーザルの審査結果,https://www.city.kawagoe.saitama.jp/sangyo/nyusatsu/1011749/1011776/1017300/1018856.html,2026-05-02
川越市,第10期川越市介護保険事業計画等策定支援業務委託に係る公募型プロポーザルの質問回答,https://www.city.kawagoe.saitama.jp/sangyo/nyusatsu/1011749/1011776/1017300/1018562.html,2026-05-02
川越市,（受付終了）川越市下水道事業100周年記念誌作成・印刷業務委託に係る公募型プロポーザルの実施,https://www.city.kawagoe.saitama.jp/sangyo/nyusatsu/1011749/1011776/1017300/1018362.html,2026-05-02
川越市,（受付終了）川越市総合交通計画策定調査業務委託に係る公募型プロポーザルの実施,https://www.city.kawagoe.saitama.jp/sangyo/nyusatsu/1011749/1011776/1017300/1018224.html,2026-05-02
川越市,川越市総合交通計画策定調査業務委託に係る公募型プロポーザルの審査結果,https://www.city.kawagoe.saitama.jp/sangyo/nyusatsu/1011749/1011776/1017300/1018787.html,2026-05-02
川越市,川越市総合交通計画策定調査業務委託に係る公募型プロポーザルの質問回答,https://www.city.kawagoe.saitama.jp/sangyo/nyusatsu/1011749/1011776/1017300/1018422.html,2026-05-02
川越市,川越市立図書館システム更新に係る公募型プロポーザルの審査結果について,https://www.city.kawagoe.saitama.jp/sangyo/nyusatsu/1011749/1011776/1017300/1018146.html,2026-05-02
川越市,第三次川越市観光振興計画策定支援業務委託に係る公募型プロポーザルの審査結果,https://www.city.kawagoe.saitama.jp/sangyo/nyusatsu/1011749/1011776/1017300/1017933.html,2026-05-02
川越市,企業誘致に向けた経済波及効果等調査業務委託に係る公募型プロポーザルの審査結果,https://www.city.kawagoe.saitama.jp/sangyo/nyusatsu/1011749/1011776/1017300/1017937.html,2026-05-02
川越市,（受付終了）川越市立図書館システム更新に係る公募型プロポーザルの実施について,https://www.city.kawagoe.saitama.jp/sangyo/nyusatsu/1011749/1011776/1017300/1017844.html,2026-05-02
川越市,（受付終了）第10期川越市介護保険事業計画等策定支援業務委託に係る公募型プロポーザルの実施,https://www.city.kawagoe.saitama.jp/sangyo/nyusatsu/1011749/1011776/1017300/1017531.html,2026-05-02
川越市,川越市通所型サービス・活動C事業業務委託に係る公募型プロポーザルの審査結果について,https://www.city.kawagoe.saitama.jp/sangyo/nyusatsu/1011749/1011776/1017300/1017907.html,2026-05-02
川越市,第三次川越市観光振興計画策定支援業務委託に係る公募型プロポーザルの質問回答,https://www.city.kawagoe.saitama.jp/sangyo/nyusatsu/1011749/1011776/1017300/1017525.html,2026-05-02
川越市,第三次川越市観光振興計画策定支援業務委託　公募型プロポーザルの実施,https://www.city.kawagoe.saitama.jp/sangyo/nyusatsu/1011749/1011776/1017300/1017506.html,2026-05-02
川越市,（受付終了）川越市庁舎整備基本構想等策定支援業務委託に係る公募型プロポーザルの実施,https://www.city.kawagoe.saitama.jp/sangyo/nyusatsu/1011749/1011776/1017300/1018693.html,2026-05-02
川越市,川越市庁舎整備基本構想等策定支援業務委託に係る公募型プロポーザルの質問回答,https://www.city.kawagoe.saitama.jp/sangyo/nyusatsu/1011749/1011776/1017300/1018983.html,2026-05-02
川越市,企業誘致に向けた経済波及効果等調査業務委託に係る公募型プロポーザルの実施,https://www.city.kawagoe.saitama.jp/sangyo/nyusatsu/1011749/1011776/1017300/1017492.html,2026-05-02
川越市,（受付終了）次期川越市障害者支援計画策定業務委託に係る公募型プロポーザルの実施,https://www.city.kawagoe.saitama.jp/sangyo/nyusatsu/1011749/1011776/1017300/1017302.html,2026-05-02
川越市,次期川越市障害者支援計画策定業務委託に係る公募型プロポーザルの選定結果,https://www.city.kawagoe.saitama.jp/sangyo/nyusatsu/1011749/1011776/1017300/1017304.html,2026-05-02
川越市,次期川越市障害者支援計画策定業務委託に係る公募型プロポーザルの質問回答,https://www.city.kawagoe.saitama.jp/sangyo/nyusatsu/1011749/1011776/1017300/1017305.html,2026-05-02
川越市,令和8年度　プロポーザル案件,https://www.city.kawagoe.saitama.jp/sangyo/nyusatsu/1011749/1011776/1020963/index.html,2026-05-02
川越市,令和6年度　プロポーザル案件,https://www.city.kawagoe.saitama.jp/sangyo/nyusatsu/1011749/1011776/1011777/index.html,2026-05-02
川越市,令和5年度　プロポーザル案件,https://www.city.kawagoe.saitama.jp/sangyo/nyusatsu/1011749/1011776/1011796/index.html,2026-05-02
川越市,令和4年度　プロポーザル案件,https://www.city.kawagoe.saitama.jp/sangyo/nyusatsu/1011749/1011776/1011824/index.html,2026-05-02
川越市,令和3年度　プロポーザル案件,https://www.city.kawagoe.saitama.jp/sangyo/nyusatsu/1011749/1011776/1011845/index.html,2026-05-02
川越市,令和2年度　プロポーザル案件,https://www.city.kawagoe.saitama.jp/sangyo/nyusatsu/1011749/1011776/1011849/index.html,2026-05-02
川越市,令和元年度　プロポーザル案件,https://www.city.kawagoe.saitama.jp/sangyo/nyusatsu/1011749/1011776/1011861/index.html,2026-05-02
川越市,平成30年度　プロポーザル案件,https://www.city.kawagoe.saitama.jp/sangyo/nyusatsu/1011749/1011776/1011872/index.html,2026-05-02
川越市,平成29年度　プロポーザル案件,https://www.city.kawagoe.saitama.jp/sangyo/nyusatsu/1011749/1011776/1011881/index.html,2026-05-02
川越市,平成28年度　プロポーザル案件,https://www.city.kawagoe.saitama.jp/sangyo/nyusatsu/1011749/1011776/1011905/index.html,2026-05-02
川越市,過去のプロポーザル案件,https://www.city.kawagoe.saitama.jp/sangyo/nyusatsu/1011749/1011776/1011921/index.html,2026-05-02
越谷市,一般競争入札・プロポーザル情報,https://www.city.koshigaya.saitama.jp/kurashi_shisei/jigyosha/nyusatukeiyaku/ippankyoso/index.html,2026-05-02
越谷市,越谷市営住宅再整備事業アドバイザリー業務委託に係る公募型プロポーザル参加事業者を募集します,https://www.city.koshigaya.saitama.jp/kurashi_shisei/kurashi/sumai/akiya/advisory.html,2026-05-02
越谷市,越谷市中小企業振興計画策定支援業務委託に係る公募型プロポーザル参加事業者を募集します,https://www.city.koshigaya.saitama.jp/kurashi_shisei/jigyosha/koukokubosyuu/tyuusyoukigyoushinkokeikaku.html,2026-05-02
越谷市,越谷市RPA導入・移行支援及び運用サポート業務委託公募型プロポーザル参加事業者の募集について,https://www.city.koshigaya.saitama.jp/kurashi_shisei/jigyosha/dejitaru/dejitaru_rpa-proposal.html,2026-05-02
越谷市,償却資産調査支援等業務委託に係る公募型プロポーザル参加事業者を募集します。,https://www.city.koshigaya.saitama.jp/kurashi_shisei/jigyosha/nyusatukeiyaku/proposal/seisanseikakumei.html,2026-05-02
越谷市,創業トライアル事業委託に係る公募型プロポーザル参加事業者を募集します（終了しました）,https://www.city.koshigaya.saitama.jp/kurashi_shisei/jigyosha/koukokubosyuu/sogyo_trial.html,2026-05-02
越谷市,戸籍システム及びコンビニ交付システム構築及び運用保守業務委託に係る公募型プロポーザル参加事業者を募集します（終了しました）,https://www.city.koshigaya.saitama.jp/kurashi_shisei/jigyosha/koukokubosyuu/oshirase/kosekiconvenienceproposal.html,2026-05-02
越谷市,令和８年度越谷市ふるさと寄附金事業委託に係る公募型プロポーザル参加事業者を募集します（終了しました）,https://www.city.koshigaya.saitama.jp/kurashi_shisei/jigyosha/koukokubosyuu/furusator8.html,2026-05-02
越谷市,映像コンテンツ制作等委託に係る公募型プロポーザル参加事業者を募集します,https://www.city.koshigaya.saitama.jp/kurashi_shisei/jigyosha/koukokubosyuu/eizou-content.html,2026-05-02
越谷市,【終了しました】鳥獣・害虫被害対策ガイドブック官民共同発行事業に係る公募型プロポーザル参加事業者を募集します,https://www.city.koshigaya.saitama.jp/kurashi_shisei/jigyosha/koukokubosyuu/oshirase/gaicyuu.html,2026-05-02
越谷市,越谷市修正地域参画総量指標（ｍ－ＧＡＰ）等調査事業業務委託に係る公募型プロポーザル参加事業者を募集します（終了しました）,https://www.city.koshigaya.saitama.jp/kurashi_shisei/jigyosha/koukokubosyuu/mgap-chousa.html,2026-05-02
越谷市,越谷市ブランドメッセージプロモーションコンテンツ制作事業業務委託に係る公募型プロポーザル参加事業者を募集します(終了しました),https://www.city.koshigaya.saitama.jp/kurashi_shisei/jigyosha/koukokubosyuu/brandmessage_promotion-contents.html,2026-05-02
越谷市,越谷市地域魅力創造事業業務委託に係る公募型プロポーザル参加事業者を募集します(終了しました),https://www.city.koshigaya.saitama.jp/kurashi_shisei/jigyosha/koukokubosyuu/chiikimiryokusouzou-proposal.html,2026-05-02
越谷市,令和7年度Made in KOSHIGAYA事業委託に係る公募型プロポーザル参加事業者を募集します（終了しました）,https://www.city.koshigaya.saitama.jp/kurashi_shisei/jigyosha/koukokubosyuu/made_in7.html,2026-05-02
越谷市,越谷市データ連携基盤構築および運用業務に係る公募型プロポーザル参加事業者を募集します,https://www.city.koshigaya.saitama.jp/kurashi_shisei/jigyosha/dejitaru/dejitaru_date-linkage-platform.html,2026-05-02
越谷市,水辺deトライアル事業委託に係る公募型プロポーザル参加事業者を募集します（終了しました）,https://www.city.koshigaya.saitama.jp/kurashi_shisei/jigyosha/koukokubosyuu/mizube_trial.html,2026-05-02
越谷市,就学事務システム導入・運用保守業務委託に係る公募型プロポーザル参加事業者を募集します（終了しました）,https://www.city.koshigaya.saitama.jp/kurashi_shisei/jigyosha/koukokubosyuu/syugaku_system.html,2026-05-02
越谷市,令和7年度 企業版ふるさと納税PR等支援業務委託に係る公募型プロポーザル参加事業者を募集します（終了しました）,https://www.city.koshigaya.saitama.jp/kurashi_shisei/jigyosha/koukokubosyuu/kigyoubann_hurusato.html,2026-05-02
越谷市,第２次越谷市多文化共生推進プラン策定業務委託に係るプロポーザル参加事業者を募 集します（終了しました）,https://www.city.koshigaya.saitama.jp/kurashi_shisei/jigyosha/koukokubosyuu/oshirase/tabunka_koubo.html,2026-05-02
越谷市,融資斡旋システム構築・運用保守業務委託に係る公募型プロポーザル参加事業者を募集します,https://www.city.koshigaya.saitama.jp/kurashi_shisei/jigyosha/koukokubosyuu/yushi_assen.html,2026-05-02
越谷市,デジタル採点システム使用契約に係る公募型プロポーザル参加者を募集します,https://www.city.koshigaya.saitama.jp/kurashi_shisei/jigyosha/koukokubosyuu/oshirase/files/dejitarusaitensisutemu.html,2026-05-02
越谷市,テレビ広報番組制作委託に係る公募型プロポーザル参加事業者を募集します(終了しました),https://www.city.koshigaya.saitama.jp/kurashi_shisei/jigyosha/koukokubosyuu/tvbangumi2025_koubo.html,2026-05-02
越谷市,越谷市ブランドプロモーション業務委託に係る公募型プロポーザル参加事業者を募集します（終了しました),https://www.city.koshigaya.saitama.jp/kurashi_shisei/jigyosha/koukokubosyuu/brandpromotion_koubo.html,2026-05-02
越谷市,令和6年度水辺の創業まちづくり事業委託に係る公募型プロポーザル参加事業者を募集します（終了しました）,https://www.city.koshigaya.saitama.jp/kurashi_shisei/jigyosha/koukokubosyuu/mizube_sogyo.html,2026-05-02
越谷市,越谷市生成AIサービス提供等業務公募型プロポーザル参加事業者の募集について,https://www.city.koshigaya.saitama.jp/kurashi_shisei/jigyosha/dejitaru/dejitaru_generation-ai-proposal.html,2026-05-02
越谷市,越谷市感染症管理システム導入・運用業務委託に係る公募型プロポーザル参加事業者を募集します,https://www.city.koshigaya.saitama.jp/kurashi_shisei/fukushi/hokenjo/kansensho/kansen_system.html,2026-05-02
越谷市,第6次越谷市障がい者計画策定業務委託プロポーザルについて,https://www.city.koshigaya.saitama.jp/kurashi_shisei/jigyosha/koukokubosyuu/oshirase/dairokujisyougaisyakeikakupuropo-zaru.html,2026-05-02
越谷市,地域企業プロモーション事業委託に係る公募型プロポーザル参加事業者を募集します（終了しました）,https://www.city.koshigaya.saitama.jp/kurashi_shisei/jigyosha/koukokubosyuu/tiiki_promotion.html,2026-05-02
越谷市,プロポーザル情報,https://www.city.koshigaya.saitama.jp/kurashi_shisei/jigyosha/nyusatukeiyaku/proposal/index.html,2026-05-02
所沢市,所沢市シティプロモーション推進事業業務委託に係る公募型プロポーザルを実施します,https://www.city.tokorozawa.saitama.jp/shiseijoho/jigyo/news/citypro.html,2026-05-02
所沢市,所沢市中核市移行啓発冊子・動画制作業務委託公募型プロポーザル,https://www.city.tokorozawa.saitama.jp/shiseijoho/chukakushi/mangatouitakuproposal.html,2026-05-02
所沢市,所沢市保健所設置基本計画策定支援業務委託に係る公募型プロポーザルについて,https://www.city.tokorozawa.saitama.jp/shiseijoho/chukakushi/hokenjoseibi/hokenjokeikakupropo.html,2026-05-02
所沢市,学校給食センター再整備アドバイザリー業務委託に係る公募型プロポーザルの結果を公表します,https://www.city.tokorozawa.saitama.jp/kosodatekyouiku/kodomo/gakkyokyushoku/adobaizari20200511.html,2026-05-02
